DispensedWeight,DeliveryCustomerAccountKey,AccountNumber,OrderDateKey,PriorityStatus,MovementTypeKey,MovementDateKey,OnGasProductKey,OrderLineKey,CylinderKey,OnGasCustomerStatus
NULL,30542,992151505,20150720,Normal,6,20150722,2,1541699,93731,Active
44.2,30542,992151505,20150720,Normal,10,20150722,2,1551072,110849,Active
NULL,30542,992151505,20150720,Normal,16,20150722,2,1551072,110849,Active
NULL,30542,992151505,20150909,Normal,6,20150915,2,1678558,130271,Active
44.4,30542,992151505,20150909,Normal,10,20150915,2,1691010,113021,Active
NULL,30542,992151505,20150909,Normal,16,20150915,2,1691010,113021,Active
NULL,30542,992151505,20160614,Unknown,6,20160621,2,2248808,96239,Active
44.6,30542,992151505,20160614,Unknown,10,20160621,2,2266296,93731,Active
NULL,30542,992151505,20160614,Unknown,16,20160621,2,2266296,93731,Active
NULL,30542,992151505,20160729,Normal,6,20160730,2,2375911,73369,Active
44.5,30542,992151505,20160729,Normal,10,20160801,2,2376993,130271,Active
NULL,30542,992151505,20160729,Normal,16,20160730,2,2376993,130271,Active
NULL,30542,992151505,20160913,Normal,6,20160921,2,2491520,80495,Active
NULL,30542,992151505,20160913,Normal,16,20160921,2,2507744,96239,Active
NULL,30542,992151505,20170711,Normal,6,20170715,2,466487,106490,Active
44.5,30542,992151505,20170711,Normal,10,20170718,2,478258,73369,Active
NULL,30542,992151505,20170711,Normal,16,20170715,2,478258,73369,Active
NULL,30542,992151505,20170807,Normal,6,20170811,2,544942,55320,Active
NULL,30542,992151505,20170807,Normal,16,20170811,2,557430,80495,Active
NULL,30542,992151505,20180526,Normal,6,20180601,2,1220886,181308,Active
44.9,30542,992151505,20180526,Normal,10,20180601,2,1250468,106490,Active
NULL,30542,992151505,20180526,Normal,16,20180601,2,1250468,106490,Active
NULL,30542,992151505,20180710,Normal,6,20180717,2,1353847,100293,Active
44.7,30542,992151505,20180710,Normal,10,20180718,2,1370629,55320,Active
NULL,30542,992151505,20180710,Normal,16,20180717,2,1370629,55320,Active
NULL,30542,992151505,20180903,Normal,6,20180907,2,2752637,162260,Active
44.6,30542,992151505,20180903,Normal,10,20180907,2,2764122,181308,Active
NULL,30542,992151505,20180903,Normal,16,20180907,2,2764122,181308,Active
NULL,30542,992151505,20180904,Normal,6,20180911,2,2756044,100866,Active
19.7,30542,992151505,20180904,Normal,10,20180911,2,2770110,100293,Active
NULL,30542,992151505,20180904,Normal,16,20180911,2,2770110,100293,Active
NULL,30542,992151505,20190704,Promised Date,6,20190710,2,3503965,81598,Active
NULL,30542,992151505,20190704,Promised Date,6,20190710,2,3503965,129894,Active
0,30542,992151505,20190704,Promised Date,10,20190710,69,3517127,100866,Active
39.2,30542,992151505,20190704,Promised Date,10,20190710,69,3517127,162260,Active
NULL,30542,992151505,20190704,Promised Date,16,20190710,2,3516769,100866,Active
NULL,30542,992151505,20190704,Promised Date,16,20190710,2,3516769,162260,Active
NULL,1175528,991129164,20150706,Normal,6,20150707,2,1508790,173336,Active
41.8,1175528,991129164,20150706,Normal,10,20150707,2,1512300,59144,Active
NULL,1175528,991129164,20150706,Normal,16,20150707,2,1512300,59144,Active
NULL,1175528,991129164,20150927,Normal,6,20150929,2,1698792,98505,Active
43.1,1175528,991129164,20150927,Normal,10,20150930,2,1710755,173336,Active
NULL,1175528,991129164,20150927,Normal,16,20150929,2,1710755,173336,Active
NULL,1175528,991129164,20151201,Normal,6,20151208,2,1848573,90449,Active
NULL,1175528,991129164,20151201,Normal,6,20151208,2,1848573,156778,Active
44.6,1175528,991129164,20151201,Normal,10,20151208,2,1860294,80487,Active
44.8,1175528,991129164,20151201,Normal,10,20151208,2,1860294,98505,Active
NULL,1175528,991129164,20151201,Normal,16,20151208,2,1860294,80487,Active
NULL,1175528,991129164,20151201,Normal,16,20151208,2,1860294,98505,Active
NULL,1175528,991129164,20160523,Normal,6,20160526,2,2190182,138785,Active
44.4,1175528,991129164,20160523,Normal,10,20160526,2,2201156,156778,Active
NULL,1175528,991129164,20160523,Normal,16,20160526,2,2201156,156778,Active
NULL,1175528,991129164,20160626,Normal,6,20160630,2,2276952,167133,Active
44.2,1175528,991129164,20160626,Normal,10,20160701,2,2296164,90449,Active
NULL,1175528,991129164,20160626,Normal,16,20160630,2,2296164,90449,Active
NULL,1175528,991129164,20160913,Normal,6,20160915,2,2491761,15647,Active
44.2,1175528,991129164,20160913,Normal,10,20160915,2,2496270,138785,Active
NULL,1175528,991129164,20160913,Normal,16,20160915,2,2496270,138785,Active
NULL,1175528,991129164,20160922,Normal,6,20160929,2,2510072,58917,Active
39.4,1175528,991129164,20160922,Normal,10,20160929,2,2534234,167133,Active
NULL,1175528,991129164,20160922,Normal,16,20160929,2,2534234,167133,Active
NULL,1175528,991129164,20170110,Normal,6,20170119,2,41566,113003,Active
44.4,1175528,991129164,20170110,Normal,10,20170119,2,57393,15647,Active
NULL,1175528,991129164,20170110,Normal,16,20170119,2,57393,15647,Active
NULL,1175528,991129164,20170417,Normal,6,20170420,2,242127,52920,Active
44.5,1175528,991129164,20170417,Normal,10,20170420,2,249690,58917,Active
NULL,1175528,991129164,20170417,Normal,16,20170420,2,249690,58917,Active
NULL,1175528,991129164,20170611,Normal,6,20170615,2,382690,89274,Active
44.7,1175528,991129164,20170611,Normal,10,20170615,2,394531,113003,Active
NULL,1175528,991129164,20170611,Normal,16,20170615,2,394531,113003,Active
NULL,1175528,991129164,20170725,Normal,6,20170803,2,501436,80603,Active
NULL,1175528,991129164,20170725,Normal,6,20170803,2,501436,129662,Active
44.8,1175528,991129164,20170725,Normal,10,20170803,2,538664,52920,Active
42.1,1175528,991129164,20170725,Normal,10,20170803,2,538664,89274,Active
NULL,1175528,991129164,20170725,Normal,16,20170803,2,538664,52920,Active
NULL,1175528,991129164,20170725,Normal,16,20170803,2,538664,89274,Active
NULL,1175528,991129164,20170926,Normal,6,20170928,2,669977,173990,Active
NULL,1175528,991129164,20170926,Normal,16,20170928,2,683134,80603,Active
NULL,1175528,991129164,20171113,Normal,6,20171118,2,788298,117572,Active
41.8,1175528,991129164,20171113,Normal,10,20171120,2,799499,129662,Active
NULL,1175528,991129164,20171113,Normal,16,20171118,2,799499,129662,Active
NULL,1175528,991129164,20171220,Normal,6,20171221,2,871847,125134,Active
41.6,1175528,991129164,20171220,Normal,10,20171221,2,875425,173990,Active
NULL,1175528,991129164,20171220,Normal,16,20171221,2,875425,173990,Active
NULL,1175528,991129164,20180205,Normal,6,20180212,2,972308,55004,Active
30.6,1175528,991129164,20180205,Normal,10,20180212,2,983828,117572,Active
NULL,1175528,991129164,20180205,Normal,16,20180212,2,983828,117572,Active
NULL,1175528,991129164,20180422,Normal,6,20180427,2,1134070,143750,Active
43.5,1175528,991129164,20180422,Normal,10,20180428,2,1145875,125134,Active
NULL,1175528,991129164,20180422,Normal,16,20180427,2,1145875,125134,Active
NULL,1175528,991129164,20180624,Promised Date,6,20180705,2,1301479,184968,Active
27.8,1175528,991129164,20180624,Promised Date,10,20180706,2,1344938,143750,Active
NULL,1175528,991129164,20180624,Promised Date,16,20180705,2,1344938,143750,Active
NULL,1175528,991129164,20180910,Promised Date,6,20180913,2,2768433,39821,Active
NULL,1175528,991129164,20180910,Promised Date,6,20180913,2,2768433,126230,Active
42.3,1175528,991129164,20180910,Promised Date,10,20180913,2,2778203,55004,Active
44.4,1175528,991129164,20180910,Promised Date,10,20180913,2,2778203,184968,Active
NULL,1175528,991129164,20180910,Promised Date,16,20180913,2,2778203,55004,Active
NULL,1175528,991129164,20180910,Promised Date,16,20180913,2,2778203,184968,Active
NULL,1175528,991129164,20181103,Normal,6,20181108,2,2911234,108866,Active
43.6,1175528,991129164,20181103,Normal,10,20181108,2,2921406,126230,Active
NULL,1175528,991129164,20181103,Normal,16,20181108,2,2921406,126230,Active
NULL,1175528,991129164,20190108,Normal,6,20190110,2,3061356,125740,Active
44.5,1175528,991129164,20190108,Normal,10,20190110,2,3065838,39821,Active
NULL,1175528,991129164,20190108,Normal,16,20190110,2,3065838,39821,Active
NULL,1175528,991129164,20190325,Normal,6,20190404,2,3225447,184286,Active
44.5,1175528,991129164,20190325,Normal,10,20190404,2,3258921,108866,Active
NULL,1175528,991129164,20190325,Normal,16,20190404,2,3258921,108866,Active
NULL,1175528,991129164,20190514,Normal,6,20190523,2,3352591,185032,Active
44,1175528,991129164,20190514,Normal,10,20190523,2,3375452,125740,Active
NULL,1175528,991129164,20190514,Normal,16,20190523,2,3375452,125740,Active
NULL,1175528,991129164,20190706,Normal,6,20190706,2,3507176,55879,Active
42.1,1175528,991129164,20190706,Normal,10,20190707,2,3507177,184286,Active
NULL,1175528,991129164,20190706,Normal,16,20190706,2,3507177,184286,Active
NULL,1175528,991129164,20190730,Promised Date,6,20190801,2,3571620,94830,Active
NULL,1175528,991129164,20190730,Promised Date,6,20190801,2,3571620,148034,Active
2.7,1175528,991129164,20190730,Promised Date,10,20190802,69,3589228,55879,Active
39.9,1175528,991129164,20190730,Promised Date,10,20190802,69,3589228,185032,Active
NULL,1175528,991129164,20190730,Promised Date,16,20190801,2,3587525,55879,Active
NULL,1175528,991129164,20190730,Promised Date,16,20190801,2,3587525,185032,Active
NULL,1209153,991298890,20151022,Normal,6,20151028,2,1758058,72562,Active
43.8,1209153,991298890,20151022,Normal,10,20151028,2,1773100,171858,Active
NULL,1209153,991298890,20151022,Normal,16,20151028,2,1773100,171858,Active
NULL,1209153,991298890,20160321,Normal,6,20160323,2,2058513,68228,Active
44.3,1209153,991298890,20160321,Normal,10,20160323,2,2063530,68810,Active
NULL,1209153,991298890,20160321,Normal,16,20160323,2,2063530,68810,Active
NULL,1209153,991298890,20160725,Normal,6,20160726,2,2354698,146335,Active
41.8,1209153,991298890,20160725,Normal,10,20160726,2,2358977,72562,Active
NULL,1209153,991298890,20160725,Normal,16,20160726,2,2358977,72562,Active
NULL,1209153,991298890,20161106,Normal,6,20161111,2,2619346,106311,Active
44.5,1209153,991298890,20161106,Normal,10,20161112,2,2630617,68228,Active
NULL,1209153,991298890,20161106,Normal,16,20161111,2,2630617,68228,Active
NULL,1209153,991298890,20170303,Normal,6,20170307,2,154694,70593,Active
44.5,1209153,991298890,20170303,Normal,10,20170308,2,159762,146335,Active
NULL,1209153,991298890,20170303,Normal,16,20170307,2,159762,146335,Active
NULL,1209153,991298890,20170730,Normal,6,20170804,2,520683,78127,Active
42,1209153,991298890,20170730,Normal,10,20170804,2,542473,106311,Active
NULL,1209153,991298890,20170730,Normal,16,20170804,2,542473,106311,Active
NULL,1209153,991298890,20171127,Normal,6,20171201,2,814419,78041,Active
44.6,1209153,991298890,20171127,Normal,10,20171201,2,838782,70593,Active
NULL,1209153,991298890,20171127,Normal,16,20171201,2,838782,70593,Active
NULL,1209153,991298890,20180427,Normal,6,20180504,2,1146361,9914,Active
44.4,1209153,991298890,20180427,Normal,10,20180504,2,1174411,78127,Active
NULL,1209153,991298890,20180427,Normal,16,20180504,2,1174411,78127,Active
NULL,1209153,991298890,20180807,Normal,6,20180814,2,1437701,103466,Active
39.8,1209153,991298890,20180807,Normal,10,20180815,2,1451598,78041,Active
NULL,1209153,991298890,20180807,Normal,16,20180814,2,1451598,78041,Active
NULL,1209153,991298890,20190102,Normal,6,20190104,2,3051431,102653,Active
44.7,1209153,991298890,20190102,Normal,10,20190104,2,3055950,9914,Active
NULL,1209153,991298890,20190102,Normal,16,20190104,2,3055950,9914,Active
NULL,1209153,991298890,20190613,Normal,6,20190619,2,3435842,197601,Active
43.2,1209153,991298890,20190613,Normal,10,20190619,2,3448315,103466,Active
NULL,1209153,991298890,20190613,Normal,16,20190619,2,3448315,103466,Active
NULL,1209153,991298890,20190704,Promised Date,6,20190710,2,3503967,35923,Active
NULL,1209153,991298890,20190704,Promised Date,6,20190710,2,3503967,130509,Active
8.7,1209153,991298890,20190704,Promised Date,10,20190710,69,3517133,102653,Active
0,1209153,991298890,20190704,Promised Date,10,20190710,69,3517133,197601,Active
NULL,1209153,991298890,20190704,Promised Date,16,20190710,2,3516165,102653,Active
NULL,1209153,991298890,20190704,Promised Date,16,20190710,2,3516165,197601,Active
NULL,1243555,990991692,20150714,Normal,6,20150720,2,1529526,69628,Active
44.4,1243555,990991692,20150714,Normal,10,20150720,2,1543387,126703,Active
NULL,1243555,990991692,20150714,Normal,16,20150720,2,1543387,126703,Active
NULL,1243555,990991692,20150814,Promised Date,6,20150817,2,1613360,117700,Active
44.1,1243555,990991692,20150814,Promised Date,10,20150818,2,1617321,70082,Active
NULL,1243555,990991692,20150814,Promised Date,16,20150817,2,1617321,70082,Active
NULL,1243555,990991692,20150917,Normal,6,20150921,2,2721,146514,Active
44.4,1243555,990991692,20150917,Normal,10,20150921,2,8489,69628,Active
NULL,1243555,990991692,20150917,Normal,16,20150921,2,8489,69628,Active
NULL,1243555,990991692,20151027,Normal,6,20151027,51,1765271,152084,Active
NULL,1243555,990991692,20151231,Normal,6,20151231,65,1916317,165418,Active
18.9,1243555,990991692,20160229,Normal,10,20160229,51,2021150,152084,Active
NULL,1243555,990991692,20160229,Normal,16,20160229,51,2021150,152084,Active
NULL,1243555,990991692,20160611,Normal,6,20160615,2,2244496,173353,Active
44.4,1243555,990991692,20160611,Normal,10,20160615,2,2253723,117700,Active
NULL,1243555,990991692,20160611,Normal,16,20160615,2,2253723,117700,Active
NULL,1243555,990991692,20160712,Normal,6,20160716,2,2323872,97971,Active
43.4,1243555,990991692,20160712,Normal,10,20160718,2,2335412,146514,Active
NULL,1243555,990991692,20160712,Normal,16,20160716,2,2335412,146514,Active
NULL,1243555,990991692,20160816,Normal,6,20160820,2,2419056,138339,Active
44.4,1243555,990991692,20160816,Normal,10,20160822,2,2429228,173353,Active
NULL,1243555,990991692,20160816,Normal,16,20160820,2,2429228,173353,Active
25.9,1243555,990991692,20160819,Normal,10,20160819,65,2427880,165418,Active
NULL,1243555,990991692,20160819,Normal,16,20160819,65,2427880,165418,Active
NULL,1243555,990991692,20160819,Normal,6,20160819,65,2427881,165418,Active
NULL,1243555,990991692,20160914,Normal,6,20160920,2,2494679,11172,Active
44.5,1243555,990991692,20160914,Normal,10,20160920,2,2506121,97971,Active
NULL,1243555,990991692,20160914,Normal,16,20160920,2,2506121,97971,Active
25.8,1243555,990991692,20170327,Normal,10,20170327,65,219694,165418,Active
NULL,1243555,990991692,20170327,Normal,16,20170327,65,219694,165418,Active
NULL,1243555,990991692,20170327,Normal,6,20170327,65,219695,165418,Active
NULL,1243555,990991692,20170613,Normal,6,20170620,2,389158,67719,Active
1.7,1243555,990991692,20170613,Normal,10,20170620,2,403165,138339,Active
NULL,1243555,990991692,20170613,Normal,16,20170620,2,403165,138339,Active
NULL,1243555,990991692,20170716,Normal,6,20170722,2,478605,138648,Active
43.4,1243555,990991692,20170716,Normal,10,20170724,2,494011,11172,Active
NULL,1243555,990991692,20170716,Normal,16,20170722,2,494011,11172,Active
NULL,1243555,990991692,20170818,Normal,6,20170823,2,573241,142638,Active
44.4,1243555,990991692,20170818,Normal,10,20170823,2,583004,67719,Active
NULL,1243555,990991692,20170818,Normal,16,20170823,2,583004,67719,Active
25.5,1243555,990991692,20180213,Normal,10,20180213,65,986619,165418,Active
NULL,1243555,990991692,20180213,Normal,16,20180213,65,986619,165418,Active
NULL,1243555,990991692,20180213,Normal,6,20180213,65,986634,165418,Active
NULL,1243555,990991692,20180509,Normal,6,20180515,2,1184329,99180,Active
44.6,1243555,990991692,20180509,Normal,10,20180516,2,1195511,138648,Active
NULL,1243555,990991692,20180509,Normal,16,20180515,2,1195511,138648,Active
NULL,1243555,990991692,20180623,Normal,6,20180630,2,1300841,173783,Active
44.7,1243555,990991692,20180623,Normal,10,20180702,2,1326724,142638,Active
NULL,1243555,990991692,20180623,Normal,16,20180630,2,1326724,142638,Active
NULL,1243555,990991692,20180716,Normal,6,20180721,2,1369516,2504,Active
44.8,1243555,990991692,20180716,Normal,10,20180723,2,1382244,99180,Active
NULL,1243555,990991692,20180716,Normal,16,20180721,2,1382244,99180,Active
NULL,1243555,990991692,20180902,Normal,6,20180907,2,2749504,89968,Active
44.4,1243555,990991692,20180902,Normal,10,20180907,2,2766363,173783,Active
NULL,1243555,990991692,20180902,Normal,16,20180907,2,2766363,173783,Active
NULL,1243555,990991692,20181012,Normal,6,20181016,2,2852871,6766,Active
44.7,1243555,990991692,20181012,Normal,10,20181017,2,2859457,2504,Active
NULL,1243555,990991692,20181012,Normal,16,20181016,2,2859457,2504,Active
NULL,1243555,990991692,20190521,Normal,6,20190523,2,3366875,22506,Active
44.7,1243555,990991692,20190521,Normal,10,20190524,2,3374891,89968,Active
NULL,1243555,990991692,20190521,Normal,16,20190523,2,3374891,89968,Active
NULL,1243555,990991692,20190618,Normal,6,20190622,2,3445962,150821,Active
44.7,1243555,990991692,20190618,Normal,10,20190622,2,3458723,6766,Active
NULL,1243555,990991692,20190618,Normal,16,20190622,2,3458723,6766,Active
NULL,1243555,990991692,20190704,Promised Date,6,20190710,2,3503951,84276,Active
NULL,1243555,990991692,20190704,Promised Date,6,20190710,2,3503951,187537,Active
33.4,1243555,990991692,20190704,Promised Date,10,20190710,69,3517130,22506,Active
0,1243555,990991692,20190704,Promised Date,10,20190710,69,3517130,150821,Active
NULL,1243555,990991692,20190704,Promised Date,16,20190710,2,3516395,22506,Active
NULL,1243555,990991692,20190704,Promised Date,16,20190710,2,3516395,150821,Active
42.6,1492996,992524526,20150629,Normal,10,20150702,2,1502708,92368,Active
NULL,1492996,992524526,20150629,Normal,16,20150702,2,1502708,92368,Active
NULL,1492996,992524526,20150718,Normal,6,20150723,2,1539390,110849,Active
40.1,1492996,992524526,20150718,Normal,10,20150723,2,1554575,137428,Active
NULL,1492996,992524526,20150718,Normal,16,20150723,2,1554575,137428,Active
NULL,1492996,992524526,20150803,Normal,6,20150806,2,1584683,13919,Active
41.6,1492996,992524526,20150803,Normal,10,20150806,2,1595196,103603,Active
NULL,1492996,992524526,20150803,Normal,16,20150806,2,1595196,103603,Active
NULL,1492996,992524526,20150822,Normal,6,20150827,2,1630064,94152,Active
42.1,1492996,992524526,20150822,Normal,10,20150827,2,1644028,110849,Active
NULL,1492996,992524526,20150822,Normal,16,20150827,2,1644028,110849,Active
NULL,1492996,992524526,20150912,Normal,6,20150917,2,1685947,129783,Active
44,1492996,992524526,20150912,Normal,10,20150917,2,1035,13919,Active
NULL,1492996,992524526,20150912,Normal,16,20150917,2,1035,13919,Active
NULL,1492996,992524526,20150930,Normal,6,20151001,2,1712272,148136,Active
39.9,1492996,992524526,20150930,Normal,10,20151001,2,1717581,94152,Active
NULL,1492996,992524526,20150930,Normal,16,20151001,2,1717581,94152,Active
NULL,1492996,992524526,20151023,Normal,6,20151029,2,1760143,91935,Active
43.7,1492996,992524526,20151023,Normal,10,20151029,2,1775779,129783,Active
NULL,1492996,992524526,20151023,Normal,16,20151029,2,1775779,129783,Active
NULL,1492996,992524526,20151123,Normal,6,20151126,2,1822509,140552,Active
44.5,1492996,992524526,20151123,Normal,10,20151126,2,1831861,148136,Active
NULL,1492996,992524526,20151123,Normal,16,20151126,2,1831861,148136,Active
NULL,1492996,992524526,20151214,Normal,6,20151217,2,1868907,102881,Active
36.5,1492996,992524526,20151214,Normal,10,20151218,2,1878911,91935,Active
NULL,1492996,992524526,20151214,Normal,16,20151217,2,1878911,91935,Active
NULL,1492996,992524526,20160211,Normal,6,20160215,2,1984483,87557,Active
44.8,1492996,992524526,20160211,Normal,10,20160215,2,1989895,140552,Active
NULL,1492996,992524526,20160211,Normal,16,20160215,2,1989895,140552,Active
NULL,1492996,992524526,20160308,Normal,6,20160314,2,2037465,151252,Active
41.1,1492996,992524526,20160308,Normal,10,20160314,2,2045631,102881,Active
NULL,1492996,992524526,20160308,Normal,16,20160314,2,2045631,102881,Active
NULL,1492996,992524526,20160409,Normal,6,20160411,2,2101521,165570,Active
42.2,1492996,992524526,20160409,Normal,10,20160411,2,2103721,87557,Active
NULL,1492996,992524526,20160409,Normal,16,20160411,2,2103721,87557,Active
NULL,1492996,992524526,20160503,Normal,6,20160509,2,2155827,112091,Active
44.5,1492996,992524526,20160503,Normal,10,20160510,2,2164911,151252,Active
NULL,1492996,992524526,20160503,Normal,16,20160509,2,2164911,151252,Active
NULL,1492996,992524526,20160528,Normal,6,20160530,2,2211561,71595,Active
44.2,1492996,992524526,20160528,Normal,10,20160530,2,2214463,165570,Active
NULL,1492996,992524526,20160528,Normal,16,20160530,2,2214463,165570,Active
NULL,1492996,992524526,20160615,Normal,6,20160620,2,2254152,120090,Active
42.1,1492996,992524526,20160615,Normal,10,20160620,2,2262847,112091,Active
NULL,1492996,992524526,20160615,Normal,16,20160620,2,2262847,112091,Active
NULL,1492996,992524526,20160702,Normal,6,20160706,2,2303672,181021,Active
40.3,1492996,992524526,20160702,Normal,10,20160706,2,2312878,71595,Active
NULL,1492996,992524526,20160702,Normal,16,20160706,2,2312878,71595,Active
NULL,1492996,992524526,20160723,Normal,6,20160725,2,2353185,149011,Active
41.7,1492996,992524526,20160723,Normal,10,20160725,2,2355304,120090,Active
NULL,1492996,992524526,20160723,Normal,16,20160725,2,2355304,120090,Active
NULL,1492996,992524526,20160731,Normal,6,20160801,2,2377375,166857,Active
19.4,1492996,992524526,20160731,Normal,10,20160801,2,2383252,181021,Active
NULL,1492996,992524526,20160731,Normal,16,20160801,2,2383252,181021,Active
NULL,1492996,992524526,20160812,Normal,6,20160815,2,2410110,89511,Active
34.2,1492996,992524526,20160812,Normal,10,20160815,2,2414924,149011,Active
NULL,1492996,992524526,20160812,Normal,16,20160815,2,2414924,149011,Active
NULL,1492996,992524526,20160901,Normal,6,20160905,2,2468403,81960,Active
44,1492996,992524526,20160901,Normal,10,20160905,2,2472623,166857,Active
NULL,1492996,992524526,20160901,Normal,16,20160905,2,2472623,166857,Active
NULL,1492996,992524526,20160917,Normal,6,20160919,2,2500329,59345,Active
33,1492996,992524526,20160917,Normal,10,20160919,2,2502314,89511,Active
NULL,1492996,992524526,20160917,Normal,16,20160919,2,2502314,89511,Active
27.8,1492996,992524526,20161002,Normal,10,20170615,2,300553,81960,Active
NULL,1492996,992524526,20161002,Normal,16,20170501,2,300553,81960,Active
NULL,1492996,992524526,20161002,Normal,6,20161003,2,2541550,62990,Active
NULL,1492996,992524526,20161022,Promised Date,6,20161031,2,2582232,182247,Active
44.7,1492996,992524526,20161022,Promised Date,10,20161031,2,2604689,59345,Active
NULL,1492996,992524526,20161022,Promised Date,16,20161031,2,2604689,59345,Active
NULL,1492996,992524526,20161119,Normal,6,20161122,2,2644436,132402,Active
44.5,1492996,992524526,20161119,Normal,10,20161122,2,2648371,62990,Active
NULL,1492996,992524526,20161119,Normal,16,20161122,2,2648371,62990,Active
NULL,1492996,992524526,20161203,Normal,6,20161205,2,2682783,144685,Active
22.3,1492996,992524526,20161203,Normal,10,20161205,2,2684270,182247,Active
NULL,1492996,992524526,20161203,Normal,16,20161205,2,2684270,182247,Active
NULL,1492996,992524526,20161224,Normal,6,20161228,2,2723756,175102,Active
35.2,1492996,992524526,20161224,Normal,10,20161228,2,2734846,132402,Active
NULL,1492996,992524526,20161224,Normal,16,20161228,2,2734846,132402,Active
NULL,1492996,992524526,20170216,Normal,6,20170222,2,115290,126669,Active
44.6,1492996,992524526,20170216,Normal,10,20170222,2,126431,144685,Active
NULL,1492996,992524526,20170216,Normal,16,20170222,2,126431,144685,Active
NULL,1492996,992524526,20170304,Promised Date,6,20170313,2,155754,143905,Active
27.1,1492996,992524526,20170304,Promised Date,10,20170313,2,171977,175102,Active
NULL,1492996,992524526,20170304,Promised Date,16,20170313,2,171977,175102,Active
NULL,1492996,992524526,20170325,Normal,6,20170403,2,191222,72022,Active
32.1,1492996,992524526,20170325,Normal,10,20170403,2,218393,126669,Active
NULL,1492996,992524526,20170325,Normal,16,20170403,2,218393,126669,Active
NULL,1492996,992524526,20170507,Normal,6,20170510,2,294766,96587,Active
28.2,1492996,992524526,20170507,Normal,10,20170510,2,301801,143905,Active
NULL,1492996,992524526,20170507,Normal,16,20170510,2,301801,143905,Active
NULL,1492996,992524526,20170528,Normal,6,20170607,2,347186,85954,Active
33,1492996,992524526,20170528,Normal,10,20170608,2,374247,72022,Active
NULL,1492996,992524526,20170528,Normal,16,20170607,2,374247,72022,Active
NULL,1492996,992524526,20170716,Normal,6,20170719,2,478782,50640,Active
NULL,1492996,992524526,20170716,Normal,6,20170719,2,478782,81863,Active
30,1492996,992524526,20170716,Normal,10,20170719,2,489074,85954,Active
44.2,1492996,992524526,20170716,Normal,10,20170719,2,489074,96587,Active
NULL,1492996,992524526,20170716,Normal,16,20170719,2,489074,85954,Active
NULL,1492996,992524526,20170716,Normal,16,20170719,2,489074,96587,Active
NULL,1492996,992524526,20170806,Normal,6,20170814,2,543666,168142,Active
43.7,1492996,992524526,20170806,Normal,10,20170815,2,560992,81863,Active
NULL,1492996,992524526,20170806,Normal,16,20170814,2,560992,81863,Active
NULL,1492996,992524526,20170827,Normal,6,20170902,2,591515,138493,Active
43.4,1492996,992524526,20170827,Normal,10,20170904,2,618719,50640,Active
NULL,1492996,992524526,20170827,Normal,16,20170902,2,618719,50640,Active
NULL,1492996,992524526,20170916,Normal,6,20170920,2,648891,97338,Active
42.3,1492996,992524526,20170916,Normal,10,20170920,2,657394,168142,Active
NULL,1492996,992524526,20170916,Normal,16,20170920,2,657394,168142,Active
NULL,1492996,992524526,20171015,Normal,6,20171021,2,719957,79761,Active
44.6,1492996,992524526,20171015,Normal,10,20171024,2,733807,138493,Active
NULL,1492996,992524526,20171015,Normal,16,20171021,2,733807,138493,Active
NULL,1492996,992524526,20171029,Normal,6,20171106,2,756332,54507,Active
44.5,1492996,992524526,20171029,Normal,10,20171107,2,776616,97338,Active
NULL,1492996,992524526,20171029,Normal,16,20171106,2,776616,97338,Active
NULL,1492996,992524526,20171104,Normal,6,20171109,2,774143,115730,Active
11.8,1492996,992524526,20171104,Normal,10,20171110,2,783491,79761,Active
NULL,1492996,992524526,20171104,Normal,16,20171109,2,783491,79761,Active
NULL,1492996,992524526,20171123,Normal,6,20171130,2,810732,5506,Active
28.6,1492996,992524526,20171123,Normal,10,20171130,2,832358,54507,Active
NULL,1492996,992524526,20171123,Normal,16,20171130,2,832358,54507,Active
NULL,1492996,992524526,20171209,Normal,6,20171218,2,852547,71570,Active
19.8,1492996,992524526,20171209,Normal,10,20171219,2,867293,115730,Active
NULL,1492996,992524526,20171209,Normal,16,20171218,2,867293,115730,Active
NULL,1492996,992524526,20180111,Normal,6,20180117,2,920277,155092,Active
20.8,1492996,992524526,20180111,Normal,10,20180117,2,929278,5506,Active
NULL,1492996,992524526,20180111,Normal,16,20180117,2,929278,5506,Active
NULL,1492996,992524526,20180203,Normal,6,20180207,2,971151,94709,Active
20.2,1492996,992524526,20180203,Normal,10,20180207,2,976942,71570,Active
NULL,1492996,992524526,20180203,Normal,16,20180207,2,976942,71570,Active
NULL,1492996,992524526,20180218,Normal,6,20180222,2,993615,98945,Active
17.5,1492996,992524526,20180218,Normal,10,20180222,2,1003306,155092,Active
NULL,1492996,992524526,20180218,Normal,16,20180222,2,1003306,155092,Active
NULL,1492996,992524526,20180303,Normal,6,20180308,2,1031986,56664,Active
16.2,1492996,992524526,20180303,Normal,10,20180309,2,1041045,94709,Active
NULL,1492996,992524526,20180303,Normal,16,20180308,2,1041045,94709,Active
NULL,1492996,992524526,20180317,Normal,6,20180322,2,1055755,93068,Active
17.1,1492996,992524526,20180317,Normal,10,20180323,2,1065140,98945,Active
NULL,1492996,992524526,20180317,Normal,16,20180322,2,1065140,98945,Active
NULL,1492996,992524526,20180325,Normal,6,20180326,2,1069931,138751,Active
5.3,1492996,992524526,20180325,Normal,10,20180326,2,1072184,56664,Active
NULL,1492996,992524526,20180325,Normal,16,20180326,2,1072184,56664,Active
NULL,1492996,992524526,20180412,Normal,6,20180416,2,1117200,175734,Active
27.5,1492996,992524526,20180412,Normal,10,20180416,2,1122995,93068,Active
NULL,1492996,992524526,20180412,Normal,16,20180416,2,1122995,93068,Active
NULL,1492996,992524526,20180422,Normal,6,20180424,2,1134092,129519,Active
8,1492996,992524526,20180422,Normal,10,20180424,2,1139932,138751,Active
NULL,1492996,992524526,20180422,Normal,16,20180424,2,1139932,138751,Active
NULL,1492996,992524526,20180513,Normal,6,20180521,2,1190053,119897,Active
43.7,1492996,992524526,20180513,Normal,10,20180521,2,1205643,175734,Active
NULL,1492996,992524526,20180513,Normal,16,20180521,2,1205643,175734,Active
NULL,1492996,992524526,20180601,Normal,6,20180607,2,1250519,118137,Active
37.5,1492996,992524526,20180601,Normal,10,20180607,2,1261614,129519,Active
NULL,1492996,992524526,20180601,Normal,16,20180607,2,1261614,129519,Active
NULL,1492996,992524526,20180625,Normal,6,20180625,2,1305805,5397,Active
NULL,1492996,992524526,20180625,Normal,6,20180625,2,1305805,130630,Active
0,1492996,992524526,20180625,Normal,10,20180626,2,1305806,118137,Active
40.1,1492996,992524526,20180625,Normal,10,20180625,2,1305806,119897,Active
NULL,1492996,992524526,20180625,Normal,16,20180625,2,1305806,118137,Active
NULL,1492996,992524526,20180625,Normal,16,20180625,2,1305806,119897,Active
NULL,1492996,992524526,20180719,Normal,6,20180723,2,1377330,41704,Active
44,1492996,992524526,20180719,Normal,10,20180723,2,1385030,5397,Active
NULL,1492996,992524526,20180719,Normal,16,20180723,2,1385030,5397,Active
NULL,1492996,992524526,20180728,Normal,6,20180802,2,1408569,98657,Active
34.9,1492996,992524526,20180728,Normal,10,20180803,2,1427178,130630,Active
NULL,1492996,992524526,20180728,Normal,16,20180802,2,1427178,130630,Active
NULL,1492996,992524526,20180815,Normal,6,20180820,2,1456373,159486,Active
41.4,1492996,992524526,20180815,Normal,10,20180821,2,1464385,41704,Active
NULL,1492996,992524526,20180815,Normal,16,20180820,2,1464385,41704,Active
NULL,1492996,992524526,20180819,Normal,6,20180823,2,1462814,155000,Active
7,1492996,992524526,20180819,Normal,10,20180823,2,1477607,98657,Active
NULL,1492996,992524526,20180819,Normal,16,20180823,2,1477607,98657,Active
NULL,1492996,992524526,20180901,Normal,6,20180905,2,2749183,132628,Active
28.4,1492996,992524526,20180901,Normal,10,20180905,2,2758551,155000,Active
NULL,1492996,992524526,20180901,Normal,16,20180905,2,2758551,155000,Active
NULL,1492996,992524526,20180924,Normal,6,20180926,2,2801297,5626,Active
40.2,1492996,992524526,20180924,Normal,10,20180926,2,2806532,132628,Active
NULL,1492996,992524526,20180924,Normal,16,20180926,2,2806532,132628,Active
NULL,1492996,992524526,20181012,Normal,6,20181024,2,2853849,180912,Active
44.5,1492996,992524526,20181012,Normal,10,20181024,2,2876733,159486,Active
NULL,1492996,992524526,20181012,Normal,16,20181024,2,2876733,159486,Active
NULL,1492996,992524526,20181117,Normal,6,20181121,2,2937799,3075,Active
44.3,1492996,992524526,20181117,Normal,10,20181121,2,2945138,5626,Active
NULL,1492996,992524526,20181117,Normal,16,20181121,2,2945138,5626,Active
NULL,1492996,992524526,20181201,Normal,6,20181205,2,2981266,65567,Active
30.6,1492996,992524526,20181201,Normal,10,20181205,2,2988752,180912,Active
NULL,1492996,992524526,20181201,Normal,16,20181205,2,2988752,180912,Active
NULL,1492996,992524526,20190108,Normal,6,20190114,2,3060916,104843,Active
44.8,1492996,992524526,20190108,Normal,10,20190114,2,3069981,3075,Active
NULL,1492996,992524526,20190108,Normal,16,20190114,2,3069981,3075,Active
NULL,1492996,992524526,20190204,Normal,6,20190213,2,3122557,66885,Active
40.7,1492996,992524526,20190204,Normal,10,20190213,2,3137876,65567,Active
NULL,1492996,992524526,20190204,Normal,16,20190213,2,3137876,65567,Active
NULL,1492996,992524526,20190303,Normal,6,20190306,2,3183997,21977,Active
18,1492996,992524526,20190303,Normal,10,20190306,2,3189531,104843,Active
NULL,1492996,992524526,20190303,Normal,16,20190306,2,3189531,104843,Active
NULL,1492996,992524526,20190407,Normal,6,20190410,2,3261886,165993,Active
37.2,1492996,992524526,20190407,Normal,10,20190410,2,3270839,66885,Active
NULL,1492996,992524526,20190407,Normal,16,20190410,2,3270839,66885,Active
NULL,1492996,992524526,20190504,Normal,6,20190508,2,3332432,146573,Active
43,1492996,992524526,20190504,Normal,10,20190508,2,3339729,21977,Active
NULL,1492996,992524526,20190504,Normal,16,20190508,2,3339729,21977,Active
NULL,1492996,992524526,20190526,Normal,6,20190529,2,3378887,184956,Active
43,1492996,992524526,20190526,Normal,10,20190529,2,3392910,165993,Active
NULL,1492996,992524526,20190526,Normal,16,20190529,2,3392910,165993,Active
NULL,1492996,992524526,20190616,Normal,6,20190619,2,3439325,15647,Active
43.3,1492996,992524526,20190616,Normal,10,20190619,2,3447461,146573,Active
NULL,1492996,992524526,20190616,Normal,16,20190619,2,3447461,146573,Active
NULL,1492996,992524526,20190704,Promised Date,6,20190711,2,3503937,85956,Active
NULL,1492996,992524526,20190704,Promised Date,6,20190711,2,3503937,181317,Active
19.1,1492996,992524526,20190704,Promised Date,10,20190712,69,3523023,15647,Active
41.9,1492996,992524526,20190704,Promised Date,10,20190712,2,3519361,184956,Active
NULL,1492996,992524526,20190704,Promised Date,16,20190711,2,3519361,15647,Active
NULL,1492996,992524526,20190704,Promised Date,16,20190711,2,3519361,184956,Active
NULL,1492996,992524526,20190812,Normal,6,20190814,2,3608998,98676,Active
NULL,1492996,992524526,20190812,Normal,6,20190814,2,3608998,164288,Active
44.4,1492996,992524526,20190812,Normal,10,20190814,2,3616145,85956,Active
32.9,1492996,992524526,20190812,Normal,10,20190814,69,3617073,181317,Active
NULL,1492996,992524526,20190812,Normal,16,20190814,2,3616145,85956,Active
NULL,1492996,992524526,20190812,Normal,16,20190814,2,3616145,181317,Active
NULL,1809945,992626386,20160212,Promised Date,6,20160216,2,1987779,24154,Active
NULL,1809945,992626386,20160212,Promised Date,6,20160216,2,1987779,113382,Active
NULL,1809945,992626386,20160510,Normal,6,20160513,2,2168163,151234,Active
44.8,1809945,992626386,20160510,Normal,10,20160516,2,2173765,24154,Active
NULL,1809945,992626386,20160510,Normal,16,20160513,2,2173765,24154,Active
NULL,1809945,992626386,20160731,Promised Date,6,20160802,2,2377313,126478,Active
NULL,1809945,992626386,20160731,Promised Date,6,20160802,2,2377313,132404,Active
44.4,1809945,992626386,20160731,Promised Date,10,20160802,2,2384989,113382,Active
43.7,1809945,992626386,20160731,Promised Date,10,20160802,2,2384989,151234,Active
NULL,1809945,992626386,20160731,Promised Date,16,20160802,2,2384989,113382,Active
NULL,1809945,992626386,20160731,Promised Date,16,20160802,2,2384989,151234,Active
NULL,1809945,992626386,20160917,Normal,6,20160920,2,2500229,60902,Active
44.4,1809945,992626386,20160917,Normal,10,20160920,2,2505413,132404,Active
NULL,1809945,992626386,20160917,Normal,16,20160920,2,2505413,132404,Active
44.6,1809945,992626386,20161113,Normal,10,20161117,2,2642413,126478,Active
NULL,1809945,992626386,20161113,Normal,16,20161117,2,2642413,126478,Active
NULL,1809945,992626386,20161113,Normal,6,20161117,2,2631524,92688,Active
NULL,1809945,992626386,20170125,Normal,6,20170127,2,69468,122070,Active
NULL,1809945,992626386,20170125,Normal,16,20170127,2,74158,60902,Active
NULL,1809945,992626386,20170417,Normal,6,20170420,2,242205,94893,Active
44.6,1809945,992626386,20170417,Normal,10,20170420,2,251055,92688,Active
NULL,1809945,992626386,20170417,Normal,16,20170420,2,251055,92688,Active
NULL,1809945,992626386,20170625,Normal,6,20170627,2,414398,77424,Active
44.3,1809945,992626386,20170625,Normal,10,20170627,2,429186,122070,Active
NULL,1809945,992626386,20170625,Normal,16,20170627,2,429186,122070,Active
NULL,1809945,992626386,20170819,Normal,6,20170825,2,573480,18393,Active
44.9,1809945,992626386,20170819,Normal,10,20170825,2,591042,94893,Active
NULL,1809945,992626386,20170819,Normal,16,20170825,2,591042,94893,Active
NULL,1809945,992626386,20171001,Normal,6,20171006,2,692094,108843,Active
44.8,1809945,992626386,20171001,Normal,10,20171006,2,703909,77424,Active
NULL,1809945,992626386,20171001,Normal,16,20171006,2,703909,77424,Active
NULL,1809945,992626386,20171202,Normal,6,20171206,2,840620,47366,Active
44.7,1809945,992626386,20171202,Normal,10,20171208,2,846561,18393,Active
NULL,1809945,992626386,20171202,Normal,16,20171206,2,846561,18393,Active
NULL,1809945,992626386,20180318,Normal,6,20180321,2,1056002,9737,Active
44.5,1809945,992626386,20180318,Normal,10,20180321,2,1061867,108843,Active
NULL,1809945,992626386,20180318,Normal,16,20180321,2,1061867,108843,Active
NULL,1809945,992626386,20180320,Promised Date,6,20180420,2,1059542,88403,Active
NULL,1809945,992626386,20180320,Promised Date,6,20180420,2,1059542,154151,Active
44.8,1809945,992626386,20180320,Promised Date,10,20180420,2,1059387,9737,Active
NULL,1809945,992626386,20180320,Promised Date,16,20180420,2,1059387,9737,Active
NULL,1809945,992626386,20180320,Promised Date,16,20180420,2,1059387,47366,Active
NULL,1809945,992626386,20180630,Normal,6,20180710,2,1326661,154441,Active
44.5,1809945,992626386,20180630,Normal,10,20180711,2,1354717,154151,Active
NULL,1809945,992626386,20180630,Normal,16,20180710,2,1354717,154151,Active
NULL,1809945,992626386,20180925,Normal,6,20180927,2,2804072,187417,Active
44.3,1809945,992626386,20180925,Normal,10,20180927,2,2809615,154441,Active
NULL,1809945,992626386,20180925,Normal,16,20180927,2,2809615,154441,Active
NULL,1809945,992626386,20181126,Normal,6,20181129,2,2955948,18178,Active
44.6,1809945,992626386,20181126,Normal,10,20181129,2,2972228,88403,Active
NULL,1809945,992626386,20181126,Normal,16,20181129,2,2972228,88403,Active
NULL,1809945,992626386,20190319,Normal,6,20190321,2,3212502,167439,Active
44.6,1809945,992626386,20190319,Normal,10,20190321,2,3216988,187417,Active
NULL,1809945,992626386,20190319,Normal,16,20190321,2,3216988,187417,Active
NULL,1809945,992626386,20190704,Promised Date,6,20190710,2,3503968,10865,Active
NULL,1809945,992626386,20190704,Promised Date,6,20190710,2,3503968,176414,Active
44.3,1809945,992626386,20190704,Promised Date,10,20190710,2,3515992,18178,Active
7.9,1809945,992626386,20190704,Promised Date,10,20190710,69,3517166,167439,Active
NULL,1809945,992626386,20190704,Promised Date,16,20190710,2,3515992,18178,Active
NULL,1809945,992626386,20190704,Promised Date,16,20190710,2,3515992,167439,Active
44.6,2374423,991068621,20150625,Normal,10,20150702,2,1502561,171994,Active
NULL,2374423,991068621,20150625,Normal,16,20150702,2,1502561,171994,Active
NULL,2374423,991068621,20150810,Promised Date,6,20150813,2,1600449,82048,Active
NULL,2374423,991068621,20150810,Promised Date,6,20150813,2,1600449,98166,Active
44.7,2374423,991068621,20150810,Promised Date,10,20150813,2,1610356,168648,Active
41.6,2374423,991068621,20150810,Promised Date,10,20150813,2,1610356,173357,Active
NULL,2374423,991068621,20150810,Promised Date,16,20150813,2,1610356,168648,Active
NULL,2374423,991068621,20150810,Promised Date,16,20150813,2,1610356,173357,Active
NULL,2374423,991068621,20150909,Normal,6,20150911,2,1680226,41327,Active
44.1,2374423,991068621,20150909,Normal,10,20150911,2,1685168,82048,Active
NULL,2374423,991068621,20150909,Normal,16,20150911,2,1685168,82048,Active
NULL,2374423,991068621,20151001,Normal,6,20151005,2,1717948,105288,Active
43.6,2374423,991068621,20151001,Normal,10,20151005,2,1723765,98166,Active
NULL,2374423,991068621,20151001,Normal,16,20151005,2,1723765,98166,Active
NULL,2374423,991068621,20160502,Normal,6,20160505,2,2151470,10126,Active
44.5,2374423,991068621,20160502,Normal,10,20160505,2,2159858,41327,Active
NULL,2374423,991068621,20160502,Normal,16,20160505,2,2159858,41327,Active
NULL,2374423,991068621,20160608,Normal,6,20160613,2,2236810,46020,Active
42.2,2374423,991068621,20160608,Normal,10,20160614,2,2247034,105288,Active
NULL,2374423,991068621,20160608,Normal,16,20160613,2,2247034,105288,Active
NULL,2374423,991068621,20160627,Normal,6,20160704,2,2278318,176497,Active
43.8,2374423,991068621,20160627,Normal,10,20160704,2,2307324,10126,Active
NULL,2374423,991068621,20160627,Normal,16,20160704,2,2307324,10126,Active
NULL,2374423,991068621,20160713,Normal,6,20160718,2,2327121,121499,Active
43.3,2374423,991068621,20160713,Normal,10,20160718,2,2338101,46020,Active
NULL,2374423,991068621,20160713,Normal,16,20160718,2,2338101,46020,Active
NULL,2374423,991068621,20160801,Normal,6,20160804,2,2381862,35973,Active
44.2,2374423,991068621,20160801,Normal,10,20160804,2,2391881,176497,Active
NULL,2374423,991068621,20160801,Normal,16,20160804,2,2391881,176497,Active
NULL,2374423,991068621,20160822,Normal,6,20160825,2,2431282,167012,Active
43.8,2374423,991068621,20160822,Normal,10,20160826,2,2442025,121499,Active
NULL,2374423,991068621,20160822,Normal,16,20160825,2,2442025,121499,Active
NULL,2374423,991068621,20160912,Normal,6,20160915,2,2487474,94929,Active
44.1,2374423,991068621,20160912,Normal,10,20160915,2,2496841,35973,Active
NULL,2374423,991068621,20160912,Normal,16,20160915,2,2496841,35973,Active
NULL,2374423,991068621,20170523,Normal,6,20170601,2,329331,129831,Active
44.6,2374423,991068621,20170523,Normal,10,20170601,2,364171,167012,Active
NULL,2374423,991068621,20170523,Normal,16,20170601,2,364171,167012,Active
NULL,2374423,991068621,20170621,Promised Date,6,20170626,2,404996,107863,Active
42.9,2374423,991068621,20170621,Promised Date,10,20170626,2,416520,94929,Active
NULL,2374423,991068621,20170621,Promised Date,16,20170626,2,416520,94929,Active
NULL,2374423,991068621,20170713,Normal,6,20170720,2,473860,111689,Active
44.6,2374423,991068621,20170713,Normal,10,20170720,2,490300,129831,Active
NULL,2374423,991068621,20170713,Normal,16,20170720,2,490300,129831,Active
NULL,2374423,991068621,20170814,Normal,6,20170819,2,561253,142059,Active
42.8,2374423,991068621,20170814,Normal,10,20170821,2,573471,107863,Active
NULL,2374423,991068621,20170814,Normal,16,20170819,2,573471,107863,Active
NULL,2374423,991068621,20170904,Normal,6,20170909,2,620449,32020,Active
41,2374423,991068621,20170904,Normal,10,20170911,2,633906,111689,Active
NULL,2374423,991068621,20170904,Normal,16,20170909,2,633906,111689,Active
NULL,2374423,991068621,20180514,Normal,6,20180519,2,1191202,172267,Active
44.6,2374423,991068621,20180514,Normal,10,20180520,2,1203807,32020,Active
NULL,2374423,991068621,20180514,Normal,16,20180519,2,1203807,32020,Active
NULL,2374423,991068621,20180611,Normal,6,20180618,2,1270009,48781,Active
37.2,2374423,991068621,20180611,Normal,10,20180618,2,1285492,142059,Active
NULL,2374423,991068621,20180611,Normal,16,20180618,2,1285492,142059,Active
NULL,2374423,991068621,20180712,Promised Date,6,20180716,2,1359977,149811,Active
44.8,2374423,991068621,20180712,Promised Date,10,20180717,2,1368872,172267,Active
NULL,2374423,991068621,20180712,Promised Date,16,20180716,2,1368872,172267,Active
NULL,2374423,991068621,20180918,Urgent,6,20180919,2,2784700,88726,Active
NULL,2374423,991068621,20180918,Urgent,6,20180919,2,2784700,184881,Active
44.7,2374423,991068621,20180918,Urgent,10,20180920,2,2788263,48781,Active
43.2,2374423,991068621,20180918,Urgent,10,20180920,2,2788263,149811,Active
NULL,2374423,991068621,20180918,Urgent,16,20180919,2,2788263,48781,Active
NULL,2374423,991068621,20180918,Urgent,16,20180919,2,2788263,149811,Active
NULL,2374423,991068621,20190531,Normal,6,20190601,2,3399826,100734,Active
41,2374423,991068621,20190531,Normal,10,20190606,2,3408149,88726,Active
NULL,2374423,991068621,20190531,Normal,16,20190601,2,3408149,88726,Active
NULL,2374423,991068621,20190704,Promised Date,6,20190711,2,3503949,38760,Active
NULL,2374423,991068621,20190704,Promised Date,6,20190711,2,3503949,154478,Active
44.1,2374423,991068621,20190704,Promised Date,10,20190712,2,3518930,100734,Active
10.3,2374423,991068621,20190704,Promised Date,10,20190712,69,3523045,184881,Active
NULL,2374423,991068621,20190704,Promised Date,16,20190711,2,3518930,100734,Active
NULL,2374423,991068621,20190704,Promised Date,16,20190711,2,3518930,184881,Active
NULL,2507659,992037096,20161221,Normal,6,20161229,2,2716195,73711,Active
44.8,2507659,992037096,20161221,Normal,10,20170202,2,31810,177250,Active
NULL,2507659,992037096,20161221,Normal,16,20161229,2,31810,177250,Active
NULL,2507659,992037096,20170214,Normal,6,20170221,2,111301,134140,Active
44.7,2507659,992037096,20170214,Normal,10,20170221,2,124055,47309,Active
NULL,2507659,992037096,20170214,Normal,16,20170221,2,124055,47309,Active
NULL,2507659,992037096,20170329,Normal,6,20170404,2,205796,106308,Active
44.6,2507659,992037096,20170329,Normal,10,20170406,2,221773,73711,Active
NULL,2507659,992037096,20170329,Normal,16,20170404,2,221773,73711,Active
NULL,2507659,992037096,20170509,Normal,6,20170516,2,299406,106341,Active
NULL,2507659,992037096,20170509,Normal,6,20170516,2,299406,177129,Active
44.6,2507659,992037096,20170509,Normal,10,20170516,2,313486,106308,Active
44.8,2507659,992037096,20170509,Normal,10,20170516,2,313486,134140,Active
NULL,2507659,992037096,20170509,Normal,16,20170516,2,313486,106308,Active
NULL,2507659,992037096,20170509,Normal,16,20170516,2,313486,134140,Active
NULL,2507659,992037096,20170620,Normal,6,20170627,2,405140,95658,Active
NULL,2507659,992037096,20170620,Normal,6,20170627,2,405140,146290,Active
NULL,2507659,992037096,20170718,Promised Date,6,20170725,2,484553,96216,Active
NULL,2507659,992037096,20170718,Promised Date,6,20170725,2,484553,126471,Active
44.8,2507659,992037096,20170718,Promised Date,10,20170725,2,501351,106341,Active
44.7,2507659,992037096,20170718,Promised Date,10,20170725,2,501351,177129,Active
NULL,2507659,992037096,20170718,Promised Date,16,20170725,2,501351,106341,Active
NULL,2507659,992037096,20170718,Promised Date,16,20170725,2,501351,177129,Active
NULL,2507659,992037096,20170927,Normal,6,20171004,2,673488,2942,Active
NULL,2507659,992037096,20170927,Normal,6,20171004,2,673488,166195,Active
44.6,2507659,992037096,20170927,Normal,10,20171005,2,699490,96216,Active
44.2,2507659,992037096,20170927,Normal,10,20171005,2,699490,126471,Active
NULL,2507659,992037096,20170927,Normal,16,20171004,2,699490,96216,Active
NULL,2507659,992037096,20170927,Normal,16,20171004,2,699490,126471,Active
NULL,2507659,992037096,20171127,Normal,6,20171128,2,815862,95710,Active
NULL,2507659,992037096,20171127,Normal,6,20171128,2,815862,180182,Active
44.5,2507659,992037096,20171127,Normal,10,20171128,2,826408,95658,Active
NULL,2507659,992037096,20171127,Normal,16,20171128,2,826408,95658,Active
NULL,2507659,992037096,20171127,Normal,16,20171128,2,826408,146290,Active
NULL,2507659,992037096,20180205,Normal,6,20180213,2,973471,8527,Active
NULL,2507659,992037096,20180205,Normal,6,20180213,2,973471,48706,Active
44.6,2507659,992037096,20180205,Normal,10,20180214,2,986331,2942,Active
44.9,2507659,992037096,20180205,Normal,10,20180214,2,986331,166195,Active
NULL,2507659,992037096,20180205,Normal,16,20180213,2,986331,2942,Active
NULL,2507659,992037096,20180205,Normal,16,20180213,2,986331,166195,Active
NULL,2507659,992037096,20180522,Normal,6,20180523,2,1208103,177670,Active
NULL,2507659,992037096,20180522,Normal,6,20180523,2,1208103,180998,Active
44.6,2507659,992037096,20180522,Normal,10,20180523,2,1213705,48706,Active
44.6,2507659,992037096,20180522,Normal,10,20180523,2,1213705,180182,Active
NULL,2507659,992037096,20180522,Normal,16,20180523,2,1213705,48706,Active
NULL,2507659,992037096,20180522,Normal,16,20180523,2,1213705,180182,Active
NULL,2507659,992037096,20180704,Normal,6,20180710,2,1342508,88947,Active
NULL,2507659,992037096,20180704,Normal,6,20180710,2,1342508,146562,Active
44.8,2507659,992037096,20180704,Normal,10,20180711,2,1354181,8527,Active
43.8,2507659,992037096,20180704,Normal,10,20180711,2,1354181,180998,Active
NULL,2507659,992037096,20180704,Normal,16,20180710,2,1354181,8527,Active
NULL,2507659,992037096,20180704,Normal,16,20180710,2,1354181,180998,Active
NULL,2507659,992037096,20180816,Normal,6,20180821,2,1458010,5422,Active
NULL,2507659,992037096,20180816,Normal,6,20180821,2,1458010,7061,Active
44.7,2507659,992037096,20180816,Normal,10,20180822,2,1467992,88947,Active
44.6,2507659,992037096,20180816,Normal,10,20180822,2,1467992,177670,Active
NULL,2507659,992037096,20180816,Normal,16,20180821,2,1467992,88947,Active
NULL,2507659,992037096,20180816,Normal,16,20180821,2,1467992,177670,Active
NULL,2507659,992037096,20181023,Promised Date,6,20181029,2,2874069,54336,Active
NULL,2507659,992037096,20181023,Promised Date,6,20181029,2,2874069,100864,Active
NULL,2507659,992037096,20181023,Promised Date,6,20181029,2,2874069,148625,Active
44,2507659,992037096,20181023,Promised Date,10,20181029,2,2893285,5422,Active
44.5,2507659,992037096,20181023,Promised Date,10,20181029,2,2893285,95710,Active
44.5,2507659,992037096,20181023,Promised Date,10,20181029,2,2893285,146562,Active
NULL,2507659,992037096,20181023,Promised Date,16,20181029,2,2893285,5422,Active
NULL,2507659,992037096,20181023,Promised Date,16,20181029,2,2893285,95710,Active
NULL,2507659,992037096,20181023,Promised Date,16,20181029,2,2893285,146562,Active
NULL,2507659,992037096,20190129,Normal,6,20190205,2,3105370,63499,Active
44.4,2507659,992037096,20190129,Normal,10,20190205,2,3123819,7061,Active
NULL,2507659,992037096,20190129,Normal,16,20190205,2,3123819,7061,Active
NULL,2507659,992037096,20190130,Normal,6,20190205,2,3107446,3081,Active
44.6,2507659,992037096,20190130,Normal,10,20190205,2,3123820,148625,Active
NULL,2507659,992037096,20190130,Normal,16,20190205,2,3123820,148625,Active
NULL,2507659,992037096,20190403,Normal,6,20190409,2,3256199,10870,Active
44.7,2507659,992037096,20190403,Normal,10,20190409,2,3268170,100864,Active
NULL,2507659,992037096,20190403,Normal,16,20190409,2,3268170,100864,Active
NULL,2507659,992037096,20190524,Normal,6,20190528,2,3378173,166360,Active
44.8,2507659,992037096,20190524,Normal,10,20190529,2,3392661,3081,Active
NULL,2507659,992037096,20190524,Normal,16,20190528,2,3392661,3081,Active
NULL,2507659,992037096,20190626,Normal,6,20190702,2,3467269,15500,Active
NULL,2507659,992037096,20190626,Normal,6,20190702,2,3467269,131603,Active
44.7,2507659,992037096,20190626,Normal,10,20190702,2,3499376,10870,Active
40.9,2507659,992037096,20190626,Normal,10,20190702,2,3499376,166360,Active
NULL,2507659,992037096,20190626,Normal,16,20190702,2,3499376,10870,Active
NULL,2507659,992037096,20190626,Normal,16,20190702,2,3499376,166360,Active
NULL,2507659,992037096,20190704,Promised Date,6,20190710,2,3503896,8778,Active
NULL,2507659,992037096,20190704,Promised Date,6,20190710,2,3503896,146516,Active
NULL,2507659,992037096,20190704,Promised Date,6,20190710,2,3503896,159483,Active
NULL,2507659,992037096,20190704,Promised Date,6,20190710,2,3503896,184254,Active
4.1,2507659,992037096,20190704,Promised Date,10,20190710,69,3517128,15500,Active
44.9,2507659,992037096,20190704,Promised Date,10,20190710,2,3516310,63499,Active
15,2507659,992037096,20190704,Promised Date,10,20190710,69,3517128,131603,Active
NULL,2507659,992037096,20190704,Promised Date,16,20190710,2,3516310,15500,Active
NULL,2507659,992037096,20190704,Promised Date,16,20190710,2,3516310,54336,Active
NULL,2507659,992037096,20190704,Promised Date,16,20190710,2,3516310,63499,Active
NULL,2507659,992037096,20190704,Promised Date,16,20190710,2,3516310,131603,Active
NULL,2573868,992283717,20150801,Normal,6,20150805,2,1582874,37591,Active
44.1,2573868,992283717,20150801,Normal,10,20150805,2,1592046,175523,Active
NULL,2573868,992283717,20150801,Normal,16,20150805,2,1592046,175523,Active
NULL,2573868,992283717,20150825,Normal,6,20150826,2,1635621,170242,Active
40.7,2573868,992283717,20150825,Normal,10,20150826,2,1640289,95860,Active
NULL,2573868,992283717,20150825,Normal,16,20150826,2,1640289,95860,Active
NULL,2573868,992283717,20151027,Normal,6,20151103,2,1765735,156842,Active
44.4,2573868,992283717,20151027,Normal,10,20151103,2,1787433,37591,Active
NULL,2573868,992283717,20151027,Normal,16,20151103,2,1787433,37591,Active
NULL,2573868,992283717,20160104,Normal,6,20160106,2,1912591,9739,Active
44.6,2573868,992283717,20160104,Normal,10,20160106,2,1917447,170242,Active
NULL,2573868,992283717,20160104,Normal,16,20160106,2,1917447,170242,Active
NULL,2573868,992283717,20160304,Normal,6,20160309,2,2032874,55187,Active
44.7,2573868,992283717,20160304,Normal,10,20160310,2,2038409,156842,Active
NULL,2573868,992283717,20160304,Normal,16,20160309,2,2038409,156842,Active
NULL,2573868,992283717,20160517,Normal,6,20160518,2,2180503,135409,Active
44.5,2573868,992283717,20160517,Normal,10,20160518,2,2182570,9739,Active
NULL,2573868,992283717,20160517,Normal,16,20160518,2,2182570,9739,Active
NULL,2573868,992283717,20160725,Normal,6,20160727,2,2356517,167993,Active
44.5,2573868,992283717,20160725,Normal,10,20160727,2,2362121,55187,Active
NULL,2573868,992283717,20160725,Normal,16,20160727,2,2362121,55187,Active
NULL,2573868,992283717,20160823,Normal,6,20160824,2,2433942,119963,Active
42.9,2573868,992283717,20160823,Normal,10,20160824,2,2439877,135409,Active
NULL,2573868,992283717,20160823,Normal,16,20160824,2,2439877,135409,Active
NULL,2573868,992283717,20161001,Normal,6,20161005,2,2541364,88308,Active
44.4,2573868,992283717,20161001,Normal,10,20161005,2,2548050,167993,Active
NULL,2573868,992283717,20161001,Normal,16,20161005,2,2548050,167993,Active
NULL,2573868,992283717,20161115,Normal,6,20161123,2,2636184,94804,Active
44.4,2573868,992283717,20161115,Normal,10,20161123,2,2652167,119963,Active
NULL,2573868,992283717,20161115,Normal,16,20161123,2,2652167,119963,Active
NULL,2573868,992283717,20170211,Normal,6,20170215,2,106878,133654,Active
44.6,2573868,992283717,20170211,Normal,10,20170215,2,113652,88308,Active
NULL,2573868,992283717,20170211,Normal,16,20170215,2,113652,88308,Active
NULL,2573868,992283717,20170331,Normal,6,20170405,2,212437,80603,Active
44.6,2573868,992283717,20170331,Normal,10,20170406,2,222959,94804,Active
NULL,2573868,992283717,20170331,Normal,16,20170405,2,222959,94804,Active
NULL,2573868,992283717,20170601,Normal,6,20170607,2,364940,11416,Active
44.6,2573868,992283717,20170601,Normal,10,20170607,2,374860,133654,Active
NULL,2573868,992283717,20170601,Normal,16,20170607,2,374860,133654,Active
NULL,2573868,992283717,20170729,Normal,6,20170802,2,520220,96323,Active
44.3,2573868,992283717,20170729,Normal,10,20170802,2,535943,80603,Active
NULL,2573868,992283717,20170729,Normal,16,20170802,2,535943,80603,Active
NULL,2573868,992283717,20170912,Normal,6,20170916,2,640526,55189,Active
44.5,2573868,992283717,20170912,Normal,10,20170918,2,648953,11416,Active
NULL,2573868,992283717,20170912,Normal,16,20170916,2,648953,11416,Active
NULL,2573868,992283717,20171105,Normal,6,20171111,2,774357,117031,Active
44,2573868,992283717,20171105,Normal,10,20171113,2,787044,96323,Active
NULL,2573868,992283717,20171105,Normal,16,20171111,2,787044,96323,Active
NULL,2573868,992283717,20171210,Normal,6,20171213,2,852761,90472,Active
44.4,2573868,992283717,20171210,Normal,10,20171214,2,859540,55189,Active
NULL,2573868,992283717,20171210,Normal,16,20171213,2,859540,55189,Active
NULL,2573868,992283717,20180307,Normal,6,20180314,2,1036944,175665,Active
44.7,2573868,992283717,20180307,Normal,10,20180315,2,1049742,117031,Active
NULL,2573868,992283717,20180307,Normal,16,20180314,2,1049742,117031,Active
NULL,2573868,992283717,20180611,Normal,6,20180616,2,1270617,120524,Active
44.7,2573868,992283717,20180611,Normal,10,20180618,2,1282879,90472,Active
NULL,2573868,992283717,20180611,Normal,16,20180616,2,1282879,90472,Active
NULL,2573868,992283717,20180806,Normal,6,20180808,2,1432413,130279,Active
NULL,2573868,992283717,20180806,Normal,6,20180808,2,1432413,145931,Active
43.2,2573868,992283717,20180806,Normal,10,20180808,2,1439187,120524,Active
42.3,2573868,992283717,20180806,Normal,10,20180808,2,1439187,175665,Active
NULL,2573868,992283717,20180806,Normal,16,20180808,2,1439187,120524,Active
NULL,2573868,992283717,20180806,Normal,16,20180808,2,1439187,175665,Active
NULL,2573868,992283717,20180915,Normal,6,20180919,2,2780239,4533,Active
43,2573868,992283717,20180915,Normal,10,20180919,2,2789265,145931,Active
NULL,2573868,992283717,20180915,Normal,16,20180919,2,2789265,145931,Active
NULL,2573868,992283717,20181220,Normal,6,20181220,2,3022661,11666,Active
NULL,2573868,992283717,20181220,Normal,6,20181220,2,3022661,171219,Active
35,2573868,992283717,20181220,Normal,10,20181221,2,3022662,4533,Active
44.5,2573868,992283717,20181220,Normal,10,20181221,2,3022662,130279,Active
NULL,2573868,992283717,20181220,Normal,16,20181220,2,3022662,4533,Active
NULL,2573868,992283717,20181220,Normal,16,20181220,2,3022662,130279,Active
NULL,2573868,992283717,20190513,Normal,6,20190515,2,3347698,120321,Active
NULL,2573868,992283717,20190513,Normal,16,20190515,2,3354472,171219,Active
NULL,2573868,992283717,20190605,Normal,6,20190608,2,3415045,153559,Active
43.9,2573868,992283717,20190605,Normal,10,20190609,2,3423033,11666,Active
NULL,2573868,992283717,20190605,Normal,16,20190608,2,3423033,11666,Active
NULL,2573868,992283717,20190704,Promised Date,6,20190711,2,3503912,173919,Active
NULL,2573868,992283717,20190704,Promised Date,6,20190711,2,3503912,197620,Active
38.4,2573868,992283717,20190704,Promised Date,10,20190712,69,3523040,120321,Active
2.2,2573868,992283717,20190704,Promised Date,10,20190712,69,3523040,153559,Active
NULL,2573868,992283717,20190704,Promised Date,16,20190711,2,3519079,120321,Active
NULL,2573868,992283717,20190704,Promised Date,16,20190711,2,3519079,153559,Active
NULL,2823654,992638039,20160407,Promised Date,6,20160428,2,2098558,100463,Active
NULL,2823654,992638039,20160407,Promised Date,6,20160428,2,2098558,121385,Active
NULL,2823654,992638039,20160627,Normal,6,20160702,2,2279113,33105,Active
44.7,2823654,992638039,20160627,Normal,10,20160704,2,2303539,100463,Active
NULL,2823654,992638039,20160627,Normal,16,20160702,2,2303539,100463,Active
NULL,2823654,992638039,20160727,Normal,6,20160729,2,2362372,108483,Active
44.6,2823654,992638039,20160727,Normal,10,20160802,2,2375601,121385,Active
NULL,2823654,992638039,20160727,Normal,16,20160729,2,2375601,121385,Active
NULL,2823654,992638039,20160815,Normal,6,20160818,2,2415982,25389,Active
44.4,2823654,992638039,20160815,Normal,10,20160818,2,2423158,33105,Active
NULL,2823654,992638039,20160815,Normal,16,20160818,2,2423158,33105,Active
NULL,2823654,992638039,20160926,Normal,6,20160929,2,2519829,146483,Active
44.4,2823654,992638039,20160926,Normal,10,20160929,2,2534808,108483,Active
NULL,2823654,992638039,20160926,Normal,16,20160929,2,2534808,108483,Active
NULL,2823654,992638039,20161017,Normal,6,20161020,2,2570724,18796,Active
44.5,2823654,992638039,20161017,Normal,10,20161020,2,2577274,25389,Active
NULL,2823654,992638039,20161017,Normal,16,20161020,2,2577274,25389,Active
NULL,2823654,992638039,20161116,Normal,6,20161121,2,2638567,158141,Active
44.6,2823654,992638039,20161116,Normal,10,20161121,2,2647225,146483,Active
NULL,2823654,992638039,20161116,Normal,16,20161121,2,2647225,146483,Active
NULL,2823654,992638039,20161224,Normal,6,20161229,2,2723792,147176,Active
44.3,2823654,992638039,20161224,Normal,10,20161229,2,20422,18796,Active
NULL,2823654,992638039,20161224,Normal,16,20161229,2,20422,18796,Active
NULL,2823654,992638039,20170116,Normal,6,20170123,2,50867,106727,Active
44.7,2823654,992638039,20170116,Normal,10,20170123,2,62263,158141,Active
NULL,2823654,992638039,20170116,Normal,16,20170123,2,62263,158141,Active
NULL,2823654,992638039,20170220,Normal,6,20170223,2,121596,113316,Active
44.6,2823654,992638039,20170220,Normal,10,20170223,2,128189,147176,Active
NULL,2823654,992638039,20170220,Normal,16,20170223,2,128189,147176,Active
NULL,2823654,992638039,20170323,Normal,6,20170330,2,188445,11883,Active
44.6,2823654,992638039,20170323,Normal,10,20170331,2,207940,106727,Active
NULL,2823654,992638039,20170323,Normal,16,20170330,2,207940,106727,Active
NULL,2823654,992638039,20170508,Normal,6,20170513,2,297839,78412,Active
44.7,2823654,992638039,20170508,Normal,10,20170515,2,308291,113316,Active
NULL,2823654,992638039,20170508,Normal,16,20170513,2,308291,113316,Active
NULL,2823654,992638039,20170613,Promised Date,6,20170619,2,388513,151296,Active
43.9,2823654,992638039,20170613,Promised Date,10,20170619,2,400722,11883,Active
NULL,2823654,992638039,20170613,Promised Date,16,20170619,2,400722,11883,Active
NULL,2823654,992638039,20170702,Normal,6,20170708,2,445079,97117,Active
44.4,2823654,992638039,20170702,Normal,10,20170710,2,461565,78412,Active
NULL,2823654,992638039,20170702,Normal,16,20170708,2,461565,78412,Active
NULL,2823654,992638039,20170801,Normal,6,20170805,2,533177,148582,Active
44.7,2823654,992638039,20170801,Normal,10,20170807,2,542970,151296,Active
NULL,2823654,992638039,20170801,Normal,16,20170805,2,542970,151296,Active
NULL,2823654,992638039,20170902,Normal,6,20170907,2,619097,181958,Active
44.4,2823654,992638039,20170902,Normal,10,20170907,2,630440,97117,Active
NULL,2823654,992638039,20170902,Normal,16,20170907,2,630440,97117,Active
NULL,2823654,992638039,20171011,Normal,6,20171013,2,714022,67587,Active
44.1,2823654,992638039,20171011,Normal,10,20171013,2,719083,148582,Active
NULL,2823654,992638039,20171011,Normal,16,20171013,2,719083,148582,Active
NULL,2823654,992638039,20171120,Normal,6,20171127,2,802561,141142,Active
44.7,2823654,992638039,20171120,Normal,10,20171127,2,815454,181958,Active
NULL,2823654,992638039,20171120,Normal,16,20171127,2,815454,181958,Active
NULL,2823654,992638039,20180219,Normal,6,20180222,2,996412,21699,Active
44.7,2823654,992638039,20180219,Normal,10,20180222,2,1003128,67587,Active
NULL,2823654,992638039,20180219,Normal,16,20180222,2,1003128,67587,Active
NULL,2823654,992638039,20180324,Normal,6,20180329,2,1069890,113539,Active
44.7,2823654,992638039,20180324,Normal,10,20180329,2,1086532,141142,Active
NULL,2823654,992638039,20180324,Normal,16,20180329,2,1086532,141142,Active
NULL,2823654,992638039,20180509,Normal,6,20180514,2,1183564,101575,Active
45,2823654,992638039,20180509,Normal,10,20180514,2,1191878,21699,Active
NULL,2823654,992638039,20180509,Normal,16,20180514,2,1191878,21699,Active
NULL,2823654,992638039,20180603,Normal,6,20180609,2,1251474,9496,Active
44.6,2823654,992638039,20180603,Normal,10,20180611,2,1266474,113539,Active
NULL,2823654,992638039,20180603,Normal,16,20180609,2,1266474,113539,Active
NULL,2823654,992638039,20180630,Normal,6,20180707,2,1326704,99745,Active
44.2,2823654,992638039,20180630,Normal,10,20180710,2,1349377,101575,Active
NULL,2823654,992638039,20180630,Normal,16,20180707,2,1349377,101575,Active
NULL,2823654,992638039,20180814,Normal,6,20180820,2,1452624,184283,Active
40.8,2823654,992638039,20180814,Normal,10,20180820,2,1466017,9496,Active
NULL,2823654,992638039,20180814,Normal,16,20180820,2,1466017,9496,Active
NULL,2823654,992638039,20180911,Normal,6,20180917,2,2771657,82826,Active
44.9,2823654,992638039,20180911,Normal,10,20180917,2,2782310,184283,Active
NULL,2823654,992638039,20180911,Normal,16,20180917,2,2782310,184283,Active
NULL,2823654,992638039,20180921,Normal,6,20180927,2,2794624,146997,Active
44.6,2823654,992638039,20180921,Normal,10,20180928,2,2808645,99745,Active
NULL,2823654,992638039,20180921,Normal,16,20180927,2,2808645,99745,Active
NULL,2823654,992638039,20181108,Normal,6,20181109,2,2921800,101379,Active
44.7,2823654,992638039,20181108,Normal,10,20181109,2,2923432,82826,Active
NULL,2823654,992638039,20181108,Normal,16,20181109,2,2923432,82826,Active
NULL,2823654,992638039,20181204,Normal,6,20181206,2,2986489,130502,Active
44.5,2823654,992638039,20181204,Normal,10,20181207,2,2991171,146997,Active
NULL,2823654,992638039,20181204,Normal,16,20181206,2,2991171,146997,Active
NULL,2823654,992638039,20190111,Normal,6,20190114,2,3068139,144389,Active
44.7,2823654,992638039,20190111,Normal,10,20190114,2,3070247,101379,Active
NULL,2823654,992638039,20190111,Normal,16,20190114,2,3070247,101379,Active
NULL,2823654,992638039,20190228,Normal,6,20190304,2,3174411,74093,Active
44.8,2823654,992638039,20190228,Normal,10,20190304,2,3185713,130502,Active
NULL,2823654,992638039,20190228,Normal,16,20190304,2,3185713,130502,Active
NULL,2823654,992638039,20190416,Normal,6,20190418,2,3279651,53073,Active
44.8,2823654,992638039,20190416,Normal,10,20190418,2,3289157,144389,Active
NULL,2823654,992638039,20190416,Normal,16,20190418,2,3289157,144389,Active
NULL,2823654,992638039,20190519,Normal,6,20190523,2,3361211,191469,Active
44.4,2823654,992638039,20190519,Normal,10,20190524,2,3374427,74093,Active
NULL,2823654,992638039,20190519,Normal,16,20190523,2,3374427,74093,Active
NULL,2823654,992638039,20190630,Normal,6,20190704,2,3483989,112821,Active
44.5,2823654,992638039,20190630,Normal,10,20190704,2,3502273,53073,Active
NULL,2823654,992638039,20190630,Normal,16,20190704,2,3502273,53073,Active
NULL,2823654,992638039,20190704,Promised Date,6,20190711,2,3503935,83528,Active
NULL,2823654,992638039,20190704,Promised Date,6,20190711,2,3503935,164813,Active
0,2823654,992638039,20190704,Promised Date,10,20190712,69,3523020,112821,Active
33.8,2823654,992638039,20190704,Promised Date,10,20190712,69,3523020,191469,Active
NULL,2823654,992638039,20190704,Promised Date,16,20190711,2,3519420,112821,Active
NULL,2823654,992638039,20190704,Promised Date,16,20190711,2,3519420,191469,Active
NULL,2904434,992690960,20161209,Promised Date,6,20161213,2,2693469,124275,Active
NULL,2904434,992690960,20161209,Promised Date,6,20161213,2,2693469,153031,Active
NULL,2904434,992690960,20170104,Normal,6,20170106,2,30873,40256,Active
28.2,2904434,992690960,20170104,Normal,10,20170106,2,35303,124275,Active
NULL,2904434,992690960,20170104,Normal,16,20170106,2,35303,124275,Active
NULL,2904434,992690960,20170213,Normal,6,20170324,2,179121,111191,Active
44.5,2904434,992690960,20170213,Normal,10,20170325,2,190270,40256,Active
NULL,2904434,992690960,20170213,Normal,16,20170324,2,190270,40256,Active
NULL,2904434,992690960,20170213,Promised Date,6,20170218,2,109317,73712,Active
44.6,2904434,992690960,20170213,Promised Date,10,20170220,2,118966,153031,Active
NULL,2904434,992690960,20170213,Promised Date,16,20170218,2,118966,153031,Active
NULL,2904434,992690960,20170418,Promised Date,6,20170421,2,244394,32924,Active
44.4,2904434,992690960,20170418,Promised Date,10,20170421,2,253127,73712,Active
NULL,2904434,992690960,20170418,Promised Date,16,20170421,2,253127,73712,Active
NULL,2904434,992690960,20170515,Promised Date,6,20170516,2,310010,142094,Active
44.8,2904434,992690960,20170515,Promised Date,10,20170516,2,314084,111191,Active
NULL,2904434,992690960,20170515,Promised Date,16,20170516,2,314084,111191,Active
NULL,2904434,992690960,20170612,Promised Date,6,20170616,2,383911,80594,Active
44.4,2904434,992690960,20170612,Promised Date,10,20170617,2,397637,32924,Active
NULL,2904434,992690960,20170612,Promised Date,16,20170616,2,397637,32924,Active
NULL,2904434,992690960,20170703,Promised Date,6,20170707,2,446520,151541,Active
44.4,2904434,992690960,20170703,Promised Date,10,20170707,2,459313,142094,Active
NULL,2904434,992690960,20170703,Promised Date,16,20170707,2,459313,142094,Active
NULL,2904434,992690960,20170726,Promised Date,6,20170728,2,502940,62360,Active
44.4,2904434,992690960,20170726,Promised Date,10,20170728,2,518336,80594,Active
NULL,2904434,992690960,20170726,Promised Date,16,20170728,2,518336,80594,Active
NULL,2904434,992690960,20170801,Promised Date,6,20170808,2,530539,88172,Active
44.1,2904434,992690960,20170801,Promised Date,10,20170808,2,548827,151541,Active
NULL,2904434,992690960,20170801,Promised Date,16,20170808,2,548827,151541,Active
NULL,2904434,992690960,20170908,Promised Date,6,20170912,2,633588,165408,Active
44.6,2904434,992690960,20170908,Promised Date,10,20170912,2,638702,62360,Active
NULL,2904434,992690960,20170908,Promised Date,16,20170912,2,638702,62360,Active
NULL,2904434,992690960,20170918,Promised Date,6,20170922,2,651310,94827,Active
44.6,2904434,992690960,20170918,Promised Date,10,20170922,2,662501,88172,Active
NULL,2904434,992690960,20170918,Promised Date,16,20170922,2,662501,88172,Active
NULL,2904434,992690960,20171009,Promised Date,6,20171017,2,707447,93068,Active
44.5,2904434,992690960,20171009,Promised Date,10,20171017,2,723974,165408,Active
NULL,2904434,992690960,20171009,Promised Date,16,20171017,2,723974,165408,Active
NULL,2904434,992690960,20171101,Promised Date,6,20171103,2,767933,163033,Active
44.7,2904434,992690960,20171101,Promised Date,10,20171103,2,772457,94827,Active
NULL,2904434,992690960,20171101,Promised Date,16,20171103,2,772457,94827,Active
NULL,2904434,992690960,20171127,Promised Date,6,20171201,2,815793,3075,Active
44.7,2904434,992690960,20171127,Promised Date,10,20171201,2,839051,163033,Active
NULL,2904434,992690960,20171127,Promised Date,16,20171201,2,839051,163033,Active
NULL,2904434,992690960,20171226,Promised Date,6,20171228,2,880374,130346,Active
42.8,2904434,992690960,20171226,Promised Date,10,20171228,2,893578,93068,Active
NULL,2904434,992690960,20171226,Promised Date,16,20171228,2,893578,93068,Active
NULL,2904434,992690960,20180202,Promised Date,6,20180208,2,970327,60808,Active
44.6,2904434,992690960,20180202,Promised Date,10,20180209,2,978292,3075,Active
NULL,2904434,992690960,20180202,Promised Date,16,20180208,2,978292,3075,Active
NULL,2904434,992690960,20180305,Promised Date,6,20180309,2,1033251,99199,Active
44.6,2904434,992690960,20180305,Promised Date,10,20180309,2,1042458,130346,Active
NULL,2904434,992690960,20180305,Promised Date,16,20180309,2,1042458,130346,Active
NULL,2904434,992690960,20180409,Promised Date,6,20180413,2,1107839,18174,Active
44.6,2904434,992690960,20180409,Promised Date,10,20180413,2,1118943,60808,Active
NULL,2904434,992690960,20180409,Promised Date,16,20180413,2,1118943,60808,Active
NULL,2904434,992690960,20180511,Promised Date,6,20180518,2,1188793,35331,Active
44.5,2904434,992690960,20180511,Promised Date,10,20180518,2,1203572,99199,Active
NULL,2904434,992690960,20180511,Promised Date,16,20180518,2,1203572,99199,Active
NULL,2904434,992690960,20180528,Promised Date,6,20180601,2,1231072,19716,Active
44.4,2904434,992690960,20180528,Promised Date,10,20180601,2,1249141,18174,Active
NULL,2904434,992690960,20180528,Promised Date,16,20180601,2,1249141,18174,Active
NULL,2904434,992690960,20180618,Promised Date,6,20180622,2,1285992,167252,Active
44.5,2904434,992690960,20180618,Promised Date,10,20180623,2,1300144,35331,Active
NULL,2904434,992690960,20180618,Promised Date,16,20180622,2,1300144,35331,Active
NULL,2904434,992690960,20180702,Promised Date,6,20180710,2,1336377,124133,Active
43.8,2904434,992690960,20180702,Promised Date,10,20180711,2,1355524,19716,Active
NULL,2904434,992690960,20180702,Promised Date,16,20180710,2,1355524,19716,Active
NULL,2904434,992690960,20180717,Promised Date,6,20180724,2,1371745,103494,Active
44.1,2904434,992690960,20180717,Promised Date,10,20180724,2,1389876,167252,Active
NULL,2904434,992690960,20180717,Promised Date,16,20180724,2,1389876,167252,Active
NULL,2904434,992690960,20180806,Promised Date,6,20180810,2,1434362,110917,Active
44.3,2904434,992690960,20180806,Promised Date,10,20180813,2,1445412,124133,Active
NULL,2904434,992690960,20180806,Promised Date,16,20180810,2,1445412,124133,Active
NULL,2904434,992690960,20180820,Promised Date,6,20180824,2,1464167,50695,Active
43.3,2904434,992690960,20180820,Promised Date,10,20180824,2,1479827,103494,Active
NULL,2904434,992690960,20180820,Promised Date,16,20180824,2,1479827,103494,Active
NULL,2904434,992690960,20180910,Promised Date,6,20180914,2,2767616,185003,Active
44.1,2904434,992690960,20180910,Promised Date,10,20180917,2,2779074,110917,Active
NULL,2904434,992690960,20180910,Promised Date,16,20180914,2,2779074,110917,Active
NULL,2904434,992690960,20181001,Promised Date,6,20181002,2,2826948,171868,Active
44.5,2904434,992690960,20181001,Promised Date,10,20181002,2,2831523,50695,Active
NULL,2904434,992690960,20181001,Promised Date,16,20181002,2,2831523,50695,Active
NULL,2904434,992690960,20181026,Promised Date,6,20181102,2,2883393,192233,Active
44.9,2904434,992690960,20181026,Promised Date,10,20181102,2,2912515,185003,Active
NULL,2904434,992690960,20181026,Promised Date,16,20181102,2,2912515,185003,Active
NULL,2904434,992690960,20181115,Promised Date,6,20181120,2,2934584,14282,Active
43.7,2904434,992690960,20181115,Promised Date,10,20181121,2,2942625,171868,Active
NULL,2904434,992690960,20181115,Promised Date,16,20181120,2,2942625,171868,Active
NULL,2904434,992690960,20181207,Promised Date,6,20181211,2,2993523,180346,Active
44.5,2904434,992690960,20181207,Promised Date,10,20181212,2,2999017,192233,Active
NULL,2904434,992690960,20181207,Promised Date,16,20181211,2,2999017,192233,Active
NULL,2904434,992690960,20181231,Promised Date,6,20190103,2,3042375,106696,Active
44.8,2904434,992690960,20181231,Promised Date,10,20190103,2,3053613,14282,Active
NULL,2904434,992690960,20181231,Promised Date,16,20190103,2,3053613,14282,Active
NULL,2904434,992690960,20190204,Promised Date,6,20190208,2,3122003,146514,Active
44.6,2904434,992690960,20190204,Promised Date,10,20190208,2,3129694,106696,Active
NULL,2904434,992690960,20190204,Promised Date,16,20190208,2,3129694,106696,Active
NULL,2904434,992690960,20190304,Promised Date,6,20190305,2,3185156,80273,Active
44.5,2904434,992690960,20190304,Promised Date,10,20190305,2,3188288,180346,Active
NULL,2904434,992690960,20190304,Promised Date,16,20190305,2,3188288,180346,Active
NULL,2904434,992690960,20190401,Promised Date,6,20190402,2,3250823,103187,Active
44.6,2904434,992690960,20190401,Promised Date,10,20190402,2,3253834,146514,Active
NULL,2904434,992690960,20190401,Promised Date,16,20190402,2,3253834,146514,Active
NULL,2904434,992690960,20190423,Promised Date,6,20190426,2,3293416,33325,Active
44.6,2904434,992690960,20190423,Promised Date,10,20190429,2,3301213,80273,Active
NULL,2904434,992690960,20190423,Promised Date,16,20190426,2,3301213,80273,Active
NULL,2904434,992690960,20190516,Promised Date,6,20190521,2,3356098,184875,Active
43.1,2904434,992690960,20190516,Promised Date,10,20190522,2,3366304,103187,Active
NULL,2904434,992690960,20190516,Promised Date,16,20190521,2,3366304,103187,Active
NULL,2904434,992690960,20190604,Promised Date,6,20190607,2,3412750,101333,Active
43.9,2904434,992690960,20190604,Promised Date,10,20190607,2,3422633,33325,Active
NULL,2904434,992690960,20190604,Promised Date,16,20190607,2,3422633,33325,Active
NULL,2904434,992690960,20190624,Promised Date,6,20190628,2,3460575,190773,Active
44.4,2904434,992690960,20190624,Promised Date,10,20190628,2,3482633,184875,Active
NULL,2904434,992690960,20190624,Promised Date,16,20190628,2,3482633,184875,Active
NULL,2904434,992690960,20190704,Promised Date,6,20190711,2,3503897,127151,Active
NULL,2904434,992690960,20190704,Promised Date,6,20190711,2,3503897,160461,Active
39.6,2904434,992690960,20190704,Promised Date,10,20190712,69,3523041,101333,Active
0,2904434,992690960,20190704,Promised Date,10,20190712,69,3523041,190773,Active
NULL,2904434,992690960,20190704,Promised Date,16,20190711,2,3519742,101333,Active
NULL,2904434,992690960,20190704,Promised Date,16,20190711,2,3519742,190773,Active
NULL,2904434,992690960,20190808,Promised Date,6,20190813,2,3602107,99180,Active
NULL,2904434,992690960,20190808,Promised Date,6,20190813,2,3602107,187535,Active
32.9,2904434,992690960,20190808,Promised Date,10,20190813,69,3614197,127151,Active
44.5,2904434,992690960,20190808,Promised Date,10,20190813,2,3613230,160461,Active
NULL,2904434,992690960,20190808,Promised Date,16,20190813,2,3613230,127151,Active
NULL,2904434,992690960,20190808,Promised Date,16,20190813,2,3613230,160461,Active
NULL,3023747,992721238,20170518,Promised Date,6,20170525,2,318986,127373,Active
NULL,3023747,992721238,20170518,Promised Date,6,20170525,2,318986,131548,Active
NULL,3023747,992721238,20170717,Normal,6,20170722,2,481381,92326,Active
44.4,3023747,992721238,20170717,Normal,10,20170724,2,494325,127373,Active
NULL,3023747,992721238,20170717,Normal,16,20170722,2,494325,127373,Active
NULL,3023747,992721238,20170831,Normal,6,20170907,2,609909,133906,Active
44.1,3023747,992721238,20170831,Normal,10,20170907,2,629569,131548,Active
NULL,3023747,992721238,20170831,Normal,16,20170907,2,629569,131548,Active
NULL,3023747,992721238,20171016,Normal,6,20171020,2,721447,65745,Active
44.8,3023747,992721238,20171016,Normal,10,20171020,2,732939,92326,Active
NULL,3023747,992721238,20171016,Normal,16,20171020,2,732939,92326,Active
NULL,3023747,992721238,20171128,Normal,6,20171130,2,825315,133680,Active
44.4,3023747,992721238,20171128,Normal,10,20171201,2,831761,133906,Active
NULL,3023747,992721238,20171128,Normal,16,20171130,2,831761,133906,Active
NULL,3023747,992721238,20180201,Normal,6,20180208,2,967798,53073,Active
44.7,3023747,992721238,20180201,Normal,10,20180209,2,978244,65745,Active
NULL,3023747,992721238,20180201,Normal,16,20180208,2,978244,65745,Active
NULL,3023747,992721238,20180316,Normal,6,20180322,2,1055168,93554,Active
44.6,3023747,992721238,20180316,Normal,10,20180322,2,1067270,133680,Active
NULL,3023747,992721238,20180316,Normal,16,20180322,2,1067270,133680,Active
NULL,3023747,992721238,20180515,Normal,6,20180516,2,1194471,129064,Active
43.7,3023747,992721238,20180515,Normal,10,20180516,2,1198254,53073,Active
NULL,3023747,992721238,20180515,Normal,16,20180516,2,1198254,53073,Active
NULL,3023747,992721238,20180712,Normal,6,20180719,2,1359003,130004,Active
44.3,3023747,992721238,20180712,Normal,10,20180719,2,1377855,93554,Active
NULL,3023747,992721238,20180712,Normal,16,20180719,2,1377855,93554,Active
NULL,3023747,992721238,20180828,Normal,6,20180830,2,1493844,94068,Active
44.5,3023747,992721238,20180828,Normal,10,20180830,2,2741985,129064,Active
NULL,3023747,992721238,20180828,Normal,16,20180830,2,2741985,129064,Active
NULL,3023747,992721238,20181003,Normal,6,20181004,2,2833776,14458,Active
44.6,3023747,992721238,20181003,Normal,10,20181004,2,2837251,130004,Active
NULL,3023747,992721238,20181003,Normal,16,20181004,2,2837251,130004,Active
NULL,3023747,992721238,20181123,Normal,6,20181129,2,2953027,172267,Active
44.6,3023747,992721238,20181123,Normal,10,20181129,2,2970551,94068,Active
NULL,3023747,992721238,20181123,Normal,16,20181129,2,2970551,94068,Active
NULL,3023747,992721238,20190112,Normal,6,20190117,2,3068406,191992,Active
44.7,3023747,992721238,20190112,Normal,10,20190117,2,3077742,14458,Active
NULL,3023747,992721238,20190112,Normal,16,20190117,2,3077742,14458,Active
NULL,3023747,992721238,20190301,Normal,6,20190306,2,3174443,7366,Active
44.5,3023747,992721238,20190301,Normal,10,20190306,2,3189635,172267,Active
NULL,3023747,992721238,20190301,Normal,16,20190306,2,3189635,172267,Active
NULL,3023747,992721238,20190416,Normal,6,20190420,2,3280141,55859,Active
42.7,3023747,992721238,20190416,Normal,10,20190423,2,3290899,191992,Active
NULL,3023747,992721238,20190416,Normal,16,20190420,2,3290899,191992,Active
NULL,3023747,992721238,20190606,Normal,6,20190613,2,3418564,4112,Active
42.8,3023747,992721238,20190606,Normal,10,20190613,2,3434318,55859,Active
NULL,3023747,992721238,20190606,Normal,16,20190613,2,3434318,55859,Active
NULL,3023747,992721238,20190704,Promised Date,6,20190710,2,3503950,147407,Active
NULL,3023747,992721238,20190704,Promised Date,6,20190710,2,3503950,148475,Active
3.9,3023747,992721238,20190704,Promised Date,10,20190710,2,3515916,4112,Active
39.9,3023747,992721238,20190704,Promised Date,10,20190710,2,3515916,7366,Active
NULL,3023747,992721238,20190704,Promised Date,16,20190710,2,3515916,4112,Active
NULL,3023747,992721238,20190704,Promised Date,16,20190710,2,3515916,7366,Active
NULL,3043106,992729448,20170620,Promised Date,6,20170627,2,404405,90394,Active
NULL,3043106,992729448,20170620,Promised Date,6,20170627,2,404405,135329,Active
NULL,3043106,992729448,20170724,Normal,6,20170801,2,497531,125401,Active
44.3,3043106,992729448,20170724,Normal,10,20170801,2,531992,135329,Active
NULL,3043106,992729448,20170724,Normal,16,20170801,2,531992,135329,Active
NULL,3043106,992729448,20170813,Normal,6,20170816,2,558844,142043,Active
44.8,3043106,992729448,20170813,Normal,10,20170818,2,567397,90394,Active
NULL,3043106,992729448,20170813,Normal,16,20170816,2,567397,90394,Active
NULL,3043106,992729448,20171008,Normal,6,20171011,2,705818,181057,Active
44.6,3043106,992729448,20171008,Normal,10,20171016,2,714962,125401,Active
NULL,3043106,992729448,20171008,Normal,16,20171011,2,714962,125401,Active
NULL,3043106,992729448,20180526,Normal,6,20180530,2,1220994,114086,Active
44.7,3043106,992729448,20180526,Normal,10,20180601,2,1239796,142043,Active
NULL,3043106,992729448,20180526,Normal,16,20180530,2,1239796,142043,Active
NULL,3043106,992729448,20180616,Normal,6,20180620,2,1282721,155096,Active
44.7,3043106,992729448,20180616,Normal,10,20180622,2,1293429,181057,Active
NULL,3043106,992729448,20180616,Normal,16,20180620,2,1293429,181057,Active
NULL,3043106,992729448,20180701,Normal,6,20180706,2,1332955,2937,Active
42.8,3043106,992729448,20180701,Normal,10,20180709,2,1349064,114086,Active
NULL,3043106,992729448,20180701,Normal,16,20180706,2,1349064,114086,Active
NULL,3043106,992729448,20180721,Normal,6,20180727,2,1382117,4087,Active
44.5,3043106,992729448,20180721,Normal,10,20180730,2,1408099,155096,Active
NULL,3043106,992729448,20180721,Normal,16,20180727,2,1408099,155096,Active
NULL,3043106,992729448,20180820,Normal,6,20180822,2,1463911,188629,Active
43.2,3043106,992729448,20180820,Normal,10,20180824,2,1473708,2937,Active
NULL,3043106,992729448,20180820,Normal,16,20180822,2,1473708,2937,Active
NULL,3043106,992729448,20180929,Normal,6,20181002,2,2819610,74740,Active
43.7,3043106,992729448,20180929,Normal,10,20181003,2,2831225,4087,Active
NULL,3043106,992729448,20180929,Normal,16,20181002,2,2831225,4087,Active
NULL,3043106,992729448,20190605,Normal,6,20190607,2,3414879,4550,Active
44.3,3043106,992729448,20190605,Normal,10,20190609,2,3424614,188629,Active
NULL,3043106,992729448,20190605,Normal,16,20190607,2,3424614,188629,Active
NULL,3043106,992729448,20190621,Normal,6,20190625,2,3457711,85654,Active
44,3043106,992729448,20190621,Normal,10,20190626,2,3464912,74740,Active
NULL,3043106,992729448,20190621,Normal,16,20190625,2,3464912,74740,Active
NULL,3043106,992729448,20190704,Promised Date,6,20190710,2,3503911,16848,Active
NULL,3043106,992729448,20190704,Promised Date,6,20190710,2,3503911,153088,Active
40.6,3043106,992729448,20190704,Promised Date,10,20190710,69,3517163,4550,Active
0,3043106,992729448,20190704,Promised Date,10,20190710,69,3517163,85654,Active
NULL,3043106,992729448,20190704,Promised Date,16,20190710,2,3516681,4550,Active
NULL,3043106,992729448,20190704,Promised Date,16,20190710,2,3516681,85654,Active
NULL,3043106,992729448,20190806,Normal,6,20190813,2,3597473,128524,Active
NULL,3043106,992729448,20190806,Normal,6,20190813,2,3597473,181082,Active
28.5,3043106,992729448,20190806,Normal,10,20190813,69,3614199,16848,Active
44.7,3043106,992729448,20190806,Normal,10,20190813,2,3613076,153088,Active
NULL,3043106,992729448,20190806,Normal,16,20190813,2,3613076,16848,Active
NULL,3043106,992729448,20190806,Normal,16,20190813,2,3613076,153088,Active
NULL,3158828,992760513,20171113,Promised Date,6,20171115,2,789250,105414,Active
NULL,3158828,992760513,20171113,Promised Date,6,20171115,2,789250,156695,Active
NULL,3158828,992760513,20180130,Normal,6,20180205,2,958908,116783,Active
44.7,3158828,992760513,20180130,Normal,10,20180207,2,975477,156695,Active
NULL,3158828,992760513,20180130,Normal,16,20180205,2,975477,156695,Active
NULL,3158828,992760513,20180421,Normal,6,20180428,2,1133731,142094,Active
44.7,3158828,992760513,20180421,Normal,10,20180430,2,1155031,105414,Active
NULL,3158828,992760513,20180421,Normal,16,20180428,2,1155031,105414,Active
NULL,3158828,992760513,20180528,Normal,6,20180602,2,1231365,100866,Active
42.1,3158828,992760513,20180528,Normal,10,20180605,2,1251264,116783,Active
NULL,3158828,992760513,20180528,Normal,16,20180602,2,1251264,116783,Active
NULL,3158828,992760513,20180814,Urgent,6,20180818,2,1453369,115970,Active
NULL,3158828,992760513,20180814,Urgent,6,20180818,2,1453369,168138,Active
44.5,3158828,992760513,20180814,Urgent,10,20180820,2,1462581,100866,Active
44.8,3158828,992760513,20180814,Urgent,10,20180820,2,1462581,142094,Active
NULL,3158828,992760513,20180814,Urgent,16,20180818,2,1462581,100866,Active
NULL,3158828,992760513,20180814,Urgent,16,20180818,2,1462581,142094,Active
NULL,3158828,992760513,20181013,Normal,6,20181016,2,2853928,134848,Active
44.7,3158828,992760513,20181013,Normal,10,20181016,2,2858452,115970,Active
NULL,3158828,992760513,20181013,Normal,16,20181016,2,2858452,115970,Active
NULL,3158828,992760513,20181130,Normal,6,20181204,2,2974011,190775,Active
44.7,3158828,992760513,20181130,Normal,10,20181204,2,2986473,168138,Active
NULL,3158828,992760513,20181130,Normal,16,20181204,2,2986473,168138,Active
NULL,3158828,992760513,20190110,Normal,6,20190115,2,3064433,155265,Active
44.2,3158828,992760513,20190110,Normal,10,20190115,2,3071979,134848,Active
NULL,3158828,992760513,20190110,Normal,16,20190115,2,3071979,134848,Active
NULL,3158828,992760513,20190313,Normal,6,20190319,2,3202617,79688,Active
44.7,3158828,992760513,20190313,Normal,10,20190319,2,3214616,190775,Active
NULL,3158828,992760513,20190313,Normal,16,20190319,2,3214616,190775,Active
NULL,3158828,992760513,20190429,Normal,6,20190510,2,3313500,25578,Active
43.4,3158828,992760513,20190429,Normal,10,20190510,2,3345159,155265,Active
NULL,3158828,992760513,20190429,Normal,16,20190510,2,3345159,155265,Active
NULL,3158828,992760513,20190704,Promised Date,6,20190710,2,3503898,5507,Active
NULL,3158828,992760513,20190704,Promised Date,6,20190710,2,3503898,106663,Active
43.4,3158828,992760513,20190704,Promised Date,10,20190710,2,3515806,79688,Active
32.2,3158828,992760513,20190704,Promised Date,10,20190710,69,3517148,107004,Active
NULL,3158828,992760513,20190704,Promised Date,16,20190710,2,3515806,79688,Active
NULL,3158828,992760513,20190704,Promised Date,16,20190710,2,3515806,107004,Active
NULL,3160294,992761565,20171120,Promised Date,6,20171122,2,801691,126471,Active
NULL,3160294,992761565,20171120,Promised Date,6,20171122,2,801691,129999,Active
NULL,3160294,992761565,20180327,Normal,6,20180329,2,1074797,45364,Active
44.5,3160294,992761565,20180327,Normal,10,20180329,2,1087560,126471,Active
NULL,3160294,992761565,20180327,Normal,16,20180329,2,1087560,126471,Active
NULL,3160294,992761565,20180418,Promised Date,6,20180424,2,1128376,182826,Active
44.7,3160294,992761565,20180418,Promised Date,10,20180424,2,1139908,129999,Active
NULL,3160294,992761565,20180418,Promised Date,16,20180424,2,1139908,129999,Active
NULL,3160294,992761565,20180611,Normal,6,20180616,2,1270494,92212,Active
44.5,3160294,992761565,20180611,Normal,10,20180618,2,1283003,45364,Active
NULL,3160294,992761565,20180611,Normal,16,20180616,2,1283003,45364,Active
NULL,3160294,992761565,20180709,Normal,6,20180713,2,1352582,113598,Active
43.9,3160294,992761565,20180709,Normal,10,20180713,2,1364700,182826,Active
NULL,3160294,992761565,20180709,Normal,16,20180713,2,1364700,182826,Active
NULL,3160294,992761565,20180821,Normal,6,20180828,2,1472195,126045,Active
44.7,3160294,992761565,20180821,Normal,10,20180828,2,1492907,92212,Active
NULL,3160294,992761565,20180821,Normal,16,20180828,2,1492907,92212,Active
NULL,3160294,992761565,20181008,Normal,6,20181009,2,2842083,172739,Active
44.7,3160294,992761565,20181008,Normal,10,20181010,2,2846222,113598,Active
NULL,3160294,992761565,20181008,Normal,16,20181009,2,2846222,113598,Active
NULL,3160294,992761565,20181205,Normal,6,20181207,2,2989131,13295,Active
44.6,3160294,992761565,20181205,Normal,10,20181207,2,2994041,126045,Active
NULL,3160294,992761565,20181205,Normal,16,20181207,2,2994041,126045,Active
NULL,3160294,992761565,20190127,Normal,6,20190130,2,3095406,174140,Active
44.7,3160294,992761565,20190127,Normal,10,20190130,2,3108143,172739,Active
NULL,3160294,992761565,20190127,Normal,16,20190130,2,3108143,172739,Active
NULL,3160294,992761565,20190403,Normal,6,20190409,2,3256561,151499,Active
44.7,3160294,992761565,20190403,Normal,10,20190409,2,3266268,13295,Active
NULL,3160294,992761565,20190403,Normal,16,20190409,2,3266268,13295,Active
NULL,3160294,992761565,20190531,Promised Date,6,20190607,2,3400688,155853,Active
44.6,3160294,992761565,20190531,Promised Date,10,20190607,2,3422675,174140,Active
NULL,3160294,992761565,20190531,Promised Date,16,20190607,2,3422675,174140,Active
NULL,3160294,992761565,20190627,Normal,6,20190702,2,3472533,103667,Active
44.1,3160294,992761565,20190627,Normal,10,20190702,2,3497446,151499,Active
NULL,3160294,992761565,20190627,Normal,16,20190702,2,3497446,151499,Active
NULL,3160294,992761565,20190704,Promised Date,6,20190710,2,3503909,132626,Active
NULL,3160294,992761565,20190704,Promised Date,6,20190710,2,3503909,166137,Active
0,3160294,992761565,20190704,Promised Date,10,20190710,69,3517167,103667,Active
11.9,3160294,992761565,20190704,Promised Date,10,20190710,69,3517167,155853,Active
NULL,3160294,992761565,20190704,Promised Date,16,20190710,2,3516542,103667,Active
NULL,3160294,992761565,20190704,Promised Date,16,20190710,2,3516542,155853,Active
NULL,3160605,992761916,20171120,Promised Date,6,20171124,2,801124,153088,Active
NULL,3160605,992761916,20171120,Promised Date,6,20171124,2,801124,174209,Active
NULL,3160605,992761916,20180522,Normal,6,20180528,2,1209289,135012,Active
44.3,3160605,992761916,20180522,Normal,10,20180528,2,1231293,174209,Active
NULL,3160605,992761916,20180522,Normal,16,20180528,2,1231293,174209,Active
NULL,3160605,992761916,20181011,Promised Date,6,20181015,2,2849840,105741,Active
44.7,3160605,992761916,20181011,Promised Date,10,20181015,2,2856545,153088,Active
NULL,3160605,992761916,20181011,Promised Date,16,20181015,2,2856545,153088,Active
NULL,3160605,992761916,20190619,Promised Date,6,20190624,2,3447264,15401,Active
NULL,3160605,992761916,20190619,Promised Date,6,20190624,2,3447264,147178,Active
43.6,3160605,992761916,20190619,Promised Date,10,20190625,2,3461933,105741,Active
44.8,3160605,992761916,20190619,Promised Date,10,20190625,2,3461933,135012,Active
NULL,3160605,992761916,20190619,Promised Date,16,20190624,2,3461933,105741,Active
NULL,3160605,992761916,20190619,Promised Date,16,20190624,2,3461933,135012,Active
NULL,3160605,992761916,20190704,Promised Date,6,20190711,2,3503966,35461,Active
NULL,3160605,992761916,20190704,Promised Date,6,20190711,2,3503966,122505,Active
0,3160605,992761916,20190704,Promised Date,10,20190712,69,3523029,15401,Active
15,3160605,992761916,20190704,Promised Date,10,20190712,69,3523029,147178,Active
NULL,3160605,992761916,20190704,Promised Date,16,20190711,2,3519368,15401,Active
NULL,3160605,992761916,20190704,Promised Date,16,20190711,2,3519368,147178,Active
NULL,3166687,992764766,20180130,Promised Date,6,20180202,2,958181,4764,Active
NULL,3166687,992764766,20180130,Promised Date,6,20180202,2,958181,182751,Active
NULL,3166687,992764766,20180413,Normal,6,20180417,2,1119500,84404,Active
43.9,3166687,992764766,20180413,Normal,10,20180417,2,1124334,4764,Active
NULL,3166687,992764766,20180413,Normal,16,20180417,2,1124334,4764,Active
NULL,3166687,992764766,20180602,Promised Date,6,20180608,2,1250802,111074,Active
42.3,3166687,992764766,20180602,Promised Date,10,20180608,2,1265033,182751,Active
NULL,3166687,992764766,20180602,Promised Date,16,20180608,2,1265033,182751,Active
NULL,3166687,992764766,20180709,Normal,6,20180713,2,1351777,125542,Active
42.8,3166687,992764766,20180709,Normal,10,20180714,2,1363627,84404,Active
NULL,3166687,992764766,20180709,Normal,16,20180713,2,1363627,84404,Active
NULL,3166687,992764766,20180903,Normal,6,20180907,2,2753257,66796,Active
44.7,3166687,992764766,20180903,Normal,10,20180907,2,2763059,111074,Active
NULL,3166687,992764766,20180903,Normal,16,20180907,2,2763059,111074,Active
NULL,3166687,992764766,20181009,Normal,6,20181012,2,2846315,150810,Active
44.4,3166687,992764766,20181009,Normal,10,20181012,2,2853355,125542,Active
NULL,3166687,992764766,20181009,Normal,16,20181012,2,2853355,125542,Active
NULL,3166687,992764766,20181120,Normal,6,20181127,2,2942375,175162,Active
44.6,3166687,992764766,20181120,Normal,10,20181127,2,2958411,66796,Active
NULL,3166687,992764766,20181120,Normal,16,20181127,2,2958411,66796,Active
NULL,3166687,992764766,20181226,Normal,6,20181229,2,3028111,156778,Active
44.6,3166687,992764766,20181226,Normal,10,20181230,2,3040324,150810,Active
NULL,3166687,992764766,20181226,Normal,16,20181229,2,3040324,150810,Active
NULL,3166687,992764766,20190315,Normal,6,20190315,2,3206959,14134,Active
NULL,3166687,992764766,20190315,Normal,16,20190315,2,3206960,175162,Active
NULL,3166687,992764766,20190516,Normal,6,20190524,2,3356707,101756,Active
44.6,3166687,992764766,20190516,Normal,10,20190527,2,3376646,156778,Active
NULL,3166687,992764766,20190516,Normal,16,20190524,2,3376646,156778,Active
NULL,3166687,992764766,20190704,Promised Date,6,20190710,2,3503910,76762,Active
NULL,3166687,992764766,20190704,Promised Date,6,20190710,2,3503910,100685,Active
44.8,3166687,992764766,20190704,Promised Date,10,20190710,2,3516935,14134,Active
35.2,3166687,992764766,20190704,Promised Date,10,20190710,69,3517168,101756,Active
NULL,3166687,992764766,20190704,Promised Date,16,20190710,2,3516935,14134,Active
NULL,3166687,992764766,20190704,Promised Date,16,20190710,2,3516935,101756,Active
NULL,3236446,992788996,20180403,Promised Date,6,20180417,2,1097958,9456,Active
NULL,3236446,992788996,20180403,Promised Date,6,20180417,2,1097958,72112,Active
NULL,3236446,992788996,20181127,Normal,6,20181130,2,2958992,2711,Active
44.5,3236446,992788996,20181127,Normal,10,20181130,2,2974702,9456,Active
NULL,3236446,992788996,20181127,Normal,16,20181130,2,2974702,9456,Active
NULL,3236446,992788996,20190313,Normal,6,20190319,2,3202504,92547,Active
44.7,3236446,992788996,20190313,Normal,10,20190319,2,3211990,72112,Active
NULL,3236446,992788996,20190313,Normal,16,20190319,2,3211990,72112,Active
NULL,3236446,992788996,20190704,Promised Date,6,20190710,2,3503934,136852,Active
NULL,3236446,992788996,20190704,Promised Date,6,20190710,2,3503934,138336,Active
25.4,3236446,992788996,20190704,Promised Date,10,20190710,69,3517170,2711,Active
0,3236446,992788996,20190704,Promised Date,10,20190710,69,3517170,92547,Active
NULL,3236446,992788996,20190704,Promised Date,16,20190710,2,3516495,2711,Active
NULL,3236446,992788996,20190704,Promised Date,16,20190710,2,3516495,92547,Active
NULL,3380997,992827378,20180830,Promised Date,6,20180907,2,2739825,7060,Active
NULL,3380997,992827378,20180830,Promised Date,6,20180907,2,2739825,187555,Active
NULL,3380997,992827378,20181107,Promised Date,6,20181113,2,2919104,188178,Active
44.7,3380997,992827378,20181107,Promised Date,10,20181113,2,2928969,187555,Active
NULL,3380997,992827378,20181107,Promised Date,16,20181113,2,2928969,187555,Active
NULL,3380997,992827378,20190107,Promised Date,6,20190111,2,3058426,138865,Active
44.3,3380997,992827378,20190107,Promised Date,10,20190116,2,3067707,7060,Active
NULL,3380997,992827378,20190107,Promised Date,16,20190111,2,3067707,7060,Active
NULL,3380997,992827378,20190401,Promised Date,6,20190405,2,3251623,125693,Active
44.5,3380997,992827378,20190401,Promised Date,10,20190408,2,3261075,188178,Active
NULL,3380997,992827378,20190401,Promised Date,16,20190405,2,3261075,188178,Active
NULL,3380997,992827378,20190528,Normal,6,20190531,2,3390147,105910,Active
44.7,3380997,992827378,20190528,Normal,10,20190531,2,3399715,138865,Active
NULL,3380997,992827378,20190528,Normal,16,20190531,2,3399715,138865,Active
NULL,3380997,992827378,20190704,Promised Date,6,20190710,2,3503936,3453,Active
NULL,3380997,992827378,20190704,Promised Date,6,20190710,2,3503936,3459,Active
10.9,3380997,992827378,20190704,Promised Date,10,20190710,69,3517165,105910,Active
44.4,3380997,992827378,20190704,Promised Date,10,20190710,2,3516825,125693,Active
NULL,3380997,992827378,20190704,Promised Date,16,20190710,2,3516825,105910,Active
NULL,3380997,992827378,20190704,Promised Date,16,20190710,2,3516825,125693,Active
NULL,3583754,992889140,20190704,Normal,6,20190705,2,3503972,97302,Active
NULL,3583754,992889140,20190704,Normal,6,20190705,2,3503972,127198,Active
NULL,3583754,992889140,20190705,Promised Date,6,20190711,2,3505870,92639,Active
NULL,3583754,992889140,20190705,Promised Date,6,20190711,2,3505870,163821,Active
6.6,3583754,992889140,20190705,Promised Date,10,20190712,69,3523030,97302,Active
0,3583754,992889140,20190705,Promised Date,10,20190712,69,3523030,127198,Active
NULL,3583754,992889140,20190705,Promised Date,16,20190711,2,3518546,97302,Active
NULL,3583754,992889140,20190705,Promised Date,16,20190711,2,3518546,127198,Active
